accident_id,vehicle_id,vehicle_type,age_of_driver
A00001,V00001_1,Car,42
A00001,V00001_2,Car,32
A00001,V00001_3,Car,47
A00002,V00002_1,Bike,21
A00003,V00003_1,Auto,22
A00003,V00003_2,Bike,29
A00003,V00003_3,Car,35
A00004,V00004_1,Car,21
A00004,V00004_2,Car,41
A00005,V00005_1,Car,28
A00005,V00005_2,Bus,30
A00006,V00006_1,Truck,29
A00006,V00006_2,Car,19
A00007,V00007_1,Bike,27
A00008,V00008_1,Car,41
A00008,V00008_2,Bike,24
A00008,V00008_3,Bike,35
A00009,V00009_1,Car,43
A00010,V00010_1,Bike,40
A00010,V00010_2,Truck,33
A00010,V00010_3,Car,18
A00011,V00011_1,Truck,33
A00012,V00012_1,Truck,35
A00013,V00013_1,Bike,35
A00014,V00014_1,Bike,21
A00014,V00014_2,Bike,20
A00015,V00015_1,Bike,30
A00016,V00016_1,Car,19
A00017,V00017_1,Truck,40
A00018,V00018_1,Bike,32
A00018,V00018_2,Car,18
A00019,V00019_1,Car,33
A00019,V00019_2,Truck,31
A00020,V00020_1,Bike,36
A00020,V00020_2,Truck,31
A00021,V00021_1,Bike,23
A00022,V00022_1,Car,43
A00023,V00023_1,Car,23
A00024,V00024_1,Car,39
A00025,V00025_1,Bike,29
A00025,V00025_2,Truck,53
A00026,V00026_1,Bike,35
A00026,V00026_2,Car,27
A00026,V00026_3,Truck,26
A00027,V00027_1,Car,26
A00028,V00028_1,Car,20
A00029,V00029_1,Car,37
A00029,V00029_2,Auto,46
A00029,V00029_3,Truck,32
A00030,V00030_1,Bike,30
A00031,V00031_1,Truck,36
A00031,V00031_2,Car,34
A00032,V00032_1,Car,28
A00032,V00032_2,Car,24
A00033,V00033_1,Truck,26
A00033,V00033_2,Bike,39
A00034,V00034_1,Bike,32
A00034,V00034_2,Car,21
A00035,V00035_1,Auto,27
A00036,V00036_1,Car,39
A00036,V00036_2,Car,22
A00037,V00037_1,Bike,32
A00037,V00037_2,Car,47
A00037,V00037_3,Car,24
A00038,V00038_1,Truck,18
A00039,V00039_1,Bike,28
A00040,V00040_1,Car,41
A00040,V00040_2,Truck,41
A00040,V00040_3,Car,37
A00041,V00041_1,Car,22
A00042,V00042_1,Bike,34
A00042,V00042_2,Bike,50
A00043,V00043_1,Bike,26
A00043,V00043_2,Car,37
A00044,V00044_1,Bike,27
A00044,V00044_2,Car,34
A00045,V00045_1,Car,30
A00046,V00046_1,Car,24
A00046,V00046_2,Car,21
A00046,V00046_3,Truck,46
A00047,V00047_1,Bike,35
A00048,V00048_1,Car,27
A00048,V00048_2,Bus,47
A00049,V00049_1,Auto,31
A00049,V00049_2,Auto,44
A00049,V00049_3,Truck,20
A00050,V00050_1,Bike,26
A00050,V00050_2,Bike,28
A00051,V00051_1,Auto,29
A00052,V00052_1,Truck,35
A00052,V00052_2,Bike,26
A00053,V00053_1,Car,36
A00054,V00054_1,Car,37
A00055,V00055_1,Car,24
A00055,V00055_2,Car,29
A00056,V00056_1,Car,38
A00056,V00056_2,Car,24
A00057,V00057_1,Car,38
A00058,V00058_1,Car,32
A00059,V00059_1,Car,31
A00059,V00059_2,Car,44
A00059,V00059_3,Bus,30
A00060,V00060_1,Car,30
A00060,V00060_2,Bike,38
A00061,V00061_1,Car,35
A00062,V00062_1,Car,18
A00062,V00062_2,Bike,35
A00062,V00062_3,Car,22
A00063,V00063_1,Car,30
A00064,V00064_1,Car,22
A00064,V00064_2,Truck,27
A00064,V00064_3,Car,24
A00065,V00065_1,Bus,45
A00065,V00065_2,Bike,35
A00066,V00066_1,Bike,18
A00067,V00067_1,Car,23
A00067,V00067_2,Car,20
A00068,V00068_1,Car,28
A00069,V00069_1,Truck,40
A00069,V00069_2,Bus,18
A00070,V00070_1,Truck,23
A00070,V00070_2,Car,34
A00071,V00071_1,Auto,19
A00072,V00072_1,Truck,42
A00073,V00073_1,Car,28
A00073,V00073_2,Car,40
A00074,V00074_1,Car,45
A00075,V00075_1,Car,42
A00076,V00076_1,Car,23
A00076,V00076_2,Bike,26
A00076,V00076_3,Car,24
A00077,V00077_1,Bike,22
A00077,V00077_2,Bike,28
A00078,V00078_1,Bike,37
A00079,V00079_1,Bike,18
A00079,V00079_2,Truck,23
A00079,V00079_3,Car,31
A00080,V00080_1,Car,27
A00080,V00080_2,Auto,32
A00080,V00080_3,Car,29
A00081,V00081_1,Bike,18
A00082,V00082_1,Bike,28
A00082,V00082_2,Car,35
A00083,V00083_1,Bike,22
A00083,V00083_2,Bike,18
A00084,V00084_1,Car,34
A00084,V00084_2,Car,33
A00085,V00085_1,Car,20
A00085,V00085_2,Car,28
A00086,V00086_1,Car,38
A00087,V00087_1,Bike,37
A00087,V00087_2,Car,38
A00087,V00087_3,Car,18
A00088,V00088_1,Bike,37
A00088,V00088_2,Bike,25
A00089,V00089_1,Car,43
A00089,V00089_2,Car,41
A00090,V00090_1,Car,32
A00090,V00090_2,Car,26
A00091,V00091_1,Auto,29
A00091,V00091_2,Car,32
A00092,V00092_1,Car,20
A00093,V00093_1,Bike,23
A00093,V00093_2,Car,22
A00094,V00094_1,Bike,29
A00094,V00094_2,Car,36
A00094,V00094_3,Truck,34
A00095,V00095_1,Car,29
A00096,V00096_1,Car,25
A00097,V00097_1,Car,33
A00097,V00097_2,Car,49
A00097,V00097_3,Car,43
A00098,V00098_1,Truck,43
A00098,V00098_2,Car,29
A00099,V00099_1,Bike,33
A00099,V00099_2,Truck,27
A00100,V00100_1,Car,22
A00101,V00101_1,Bus,35
A00101,V00101_2,Car,52
A00102,V00102_1,Bike,29
A00103,V00103_1,Bike,32
A00104,V00104_1,Auto,30
A00104,V00104_2,Car,27
A00105,V00105_1,Bike,46
A00105,V00105_2,Car,41
A00106,V00106_1,Car,27
A00106,V00106_2,Bike,34
A00106,V00106_3,Car,37
A00107,V00107_1,Car,35
A00107,V00107_2,Bike,30
A00107,V00107_3,Truck,34
A00108,V00108_1,Car,18
A00109,V00109_1,Car,25
A00110,V00110_1,Car,19
A00111,V00111_1,Bike,35
A00111,V00111_2,Car,38
A00112,V00112_1,Car,30
A00113,V00113_1,Car,35
A00113,V00113_2,Car,32
A00114,V00114_1,Car,26
A00115,V00115_1,Car,39
A00116,V00116_1,Car,39
A00117,V00117_1,Auto,37
A00117,V00117_2,Car,39
A00117,V00117_3,Bike,41
A00118,V00118_1,Car,44
A00118,V00118_2,Car,26
A00119,V00119_1,Bike,27
A00120,V00120_1,Bike,38
A00120,V00120_2,Car,39
A00120,V00120_3,Bike,34
A00121,V00121_1,Bike,32
A00122,V00122_1,Car,25
A00123,V00123_1,Bike,39
A00123,V00123_2,Car,34
A00124,V00124_1,Car,51
A00125,V00125_1,Truck,31
A00126,V00126_1,Car,35
A00126,V00126_2,Car,30
A00127,V00127_1,Car,28
A00128,V00128_1,Car,18
A00129,V00129_1,Bus,35
A00130,V00130_1,Bike,27
A00130,V00130_2,Bus,30
A00131,V00131_1,Bike,39
A00131,V00131_2,Car,25
A00132,V00132_1,Car,26
A00133,V00133_1,Car,34
A00133,V00133_2,Car,34
A00133,V00133_3,Truck,32
A00134,V00134_1,Car,44
A00135,V00135_1,Bike,24
A00135,V00135_2,Bike,37
A00136,V00136_1,Car,32
A00137,V00137_1,Car,30
A00138,V00138_1,Car,39
A00138,V00138_2,Bike,18
A00139,V00139_1,Bus,35
A00139,V00139_2,Car,38
A00140,V00140_1,Bike,28
A00140,V00140_2,Truck,31
A00141,V00141_1,Bike,25
A00142,V00142_1,Truck,22
A00143,V00143_1,Bike,21
A00144,V00144_1,Bike,44
A00144,V00144_2,Car,35
A00145,V00145_1,Bus,27
A00146,V00146_1,Auto,18
A00146,V00146_2,Bike,28
A00146,V00146_3,Car,36
A00147,V00147_1,Bike,24
A00148,V00148_1,Bike,38
A00149,V00149_1,Car,36
A00149,V00149_2,Truck,27
A00149,V00149_3,Car,33
A00150,V00150_1,Car,34
A00151,V00151_1,Car,31
A00152,V00152_1,Car,23
A00153,V00153_1,Car,33
A00154,V00154_1,Bike,48
A00154,V00154_2,Car,20
A00154,V00154_3,Truck,35
A00155,V00155_1,Car,32
A00155,V00155_2,Truck,24
A00155,V00155_3,Car,36
A00156,V00156_1,Bus,29
A00157,V00157_1,Bike,36
A00157,V00157_2,Truck,40
A00158,V00158_1,Car,34
A00159,V00159_1,Bike,37
A00159,V00159_2,Car,26
A00160,V00160_1,Car,29
A00160,V00160_2,Car,23
A00160,V00160_3,Bike,46
A00161,V00161_1,Bike,40
A00161,V00161_2,Car,23
A00161,V00161_3,Car,37
A00162,V00162_1,Bike,23
A00163,V00163_1,Auto,27
A00164,V00164_1,Car,40
A00165,V00165_1,Bike,47
A00165,V00165_2,Bike,31
A00166,V00166_1,Car,28
A00166,V00166_2,Bike,32
A00167,V00167_1,Bike,23
A00168,V00168_1,Bike,23
A00168,V00168_2,Truck,35
A00168,V00168_3,Truck,43
A00169,V00169_1,Car,34
A00170,V00170_1,Bike,27
A00170,V00170_2,Bike,28
A00170,V00170_3,Car,18
A00171,V00171_1,Bike,38
A00172,V00172_1,Truck,30
A00172,V00172_2,Car,41
A00172,V00172_3,Bike,52
A00173,V00173_1,Auto,28
A00173,V00173_2,Car,35
A00174,V00174_1,Car,30
A00174,V00174_2,Car,30
A00174,V00174_3,Bike,40
A00175,V00175_1,Truck,27
A00176,V00176_1,Bike,40
A00177,V00177_1,Car,45
A00178,V00178_1,Bike,21
A00179,V00179_1,Auto,38
A00180,V00180_1,Bike,25
A00180,V00180_2,Bike,23
A00180,V00180_3,Bus,40
A00181,V00181_1,Bike,37
A00182,V00182_1,Bike,30
A00183,V00183_1,Auto,42
A00184,V00184_1,Car,29
A00184,V00184_2,Car,23
A00185,V00185_1,Car,33
A00186,V00186_1,Car,30
A00187,V00187_1,Bus,31
A00187,V00187_2,Car,35
A00188,V00188_1,Bike,34
A00189,V00189_1,Car,29
A00189,V00189_2,Bike,43
A00190,V00190_1,Truck,41
A00191,V00191_1,Car,50
A00192,V00192_1,Car,49
A00192,V00192_2,Truck,39
A00193,V00193_1,Truck,26
A00194,V00194_1,Car,26
A00195,V00195_1,Bike,22
A00195,V00195_2,Car,34
A00196,V00196_1,Auto,21
A00196,V00196_2,Car,34
A00197,V00197_1,Truck,39
A00197,V00197_2,Car,23
A00197,V00197_3,Truck,36
A00198,V00198_1,Auto,25
A00199,V00199_1,Bike,41
A00200,V00200_1,Car,35
A00201,V00201_1,Bus,34
A00201,V00201_2,Car,29
A00202,V00202_1,Bike,29
A00203,V00203_1,Car,23
A00203,V00203_2,Car,32
A00204,V00204_1,Truck,41
A00205,V00205_1,Truck,28
A00205,V00205_2,Bike,36
A00206,V00206_1,Bike,28
A00206,V00206_2,Bike,32
A00207,V00207_1,Bus,32
A00208,V00208_1,Truck,18
A00208,V00208_2,Bike,39
A00208,V00208_3,Car,37
A00209,V00209_1,Auto,26
A00209,V00209_2,Bike,24
A00210,V00210_1,Bike,24
A00211,V00211_1,Car,34
A00212,V00212_1,Truck,30
A00213,V00213_1,Car,27
A00214,V00214_1,Truck,19
A00214,V00214_2,Bike,18
A00215,V00215_1,Car,42
A00216,V00216_1,Bike,28
A00217,V00217_1,Truck,38
A00218,V00218_1,Bike,25
A00218,V00218_2,Car,43
A00219,V00219_1,Truck,22
A00220,V00220_1,Bus,25
A00220,V00220_2,Car,26
A00221,V00221_1,Bike,35
A00222,V00222_1,Bike,38
A00223,V00223_1,Car,30
A00224,V00224_1,Car,36
A00225,V00225_1,Car,43
A00225,V00225_2,Truck,38
A00226,V00226_1,Car,41
A00227,V00227_1,Bike,32
A00227,V00227_2,Auto,27
A00228,V00228_1,Bus,29
A00229,V00229_1,Car,33
A00230,V00230_1,Car,20
A00231,V00231_1,Truck,36
A00231,V00231_2,Bike,29
A00231,V00231_3,Car,41
A00232,V00232_1,Bike,31
A00232,V00232_2,Car,33
A00232,V00232_3,Car,42
A00233,V00233_1,Bike,22
A00233,V00233_2,Car,45
A00234,V00234_1,Car,18
A00234,V00234_2,Bike,25
A00235,V00235_1,Bike,29
A00236,V00236_1,Car,39
A00237,V00237_1,Car,35
A00238,V00238_1,Car,37
A00239,V00239_1,Truck,28
A00239,V00239_2,Truck,31
A00239,V00239_3,Bike,30
A00240,V00240_1,Bike,35
A00240,V00240_2,Bike,30
A00241,V00241_1,Car,33
A00241,V00241_2,Bike,38
A00241,V00241_3,Car,37
A00242,V00242_1,Bike,24
A00242,V00242_2,Car,28
A00243,V00243_1,Bike,34
A00243,V00243_2,Car,18
A00243,V00243_3,Auto,18
A00244,V00244_1,Bike,32
A00244,V00244_2,Bike,38
A00245,V00245_1,Truck,40
A00245,V00245_2,Car,31
A00246,V00246_1,Bike,34
A00246,V00246_2,Bike,40
A00247,V00247_1,Car,39
A00248,V00248_1,Car,19
A00248,V00248_2,Car,37
A00249,V00249_1,Car,36
A00250,V00250_1,Car,38
A00250,V00250_2,Truck,32
A00250,V00250_3,Auto,42
A00251,V00251_1,Bike,41
A00252,V00252_1,Bike,37
A00253,V00253_1,Bike,29
A00253,V00253_2,Car,27
A00253,V00253_3,Auto,30
A00254,V00254_1,Car,31
A00255,V00255_1,Car,39
A00256,V00256_1,Car,42
A00256,V00256_2,Bike,29
A00256,V00256_3,Bike,27
A00257,V00257_1,Bike,23
A00257,V00257_2,Bike,29
A00258,V00258_1,Car,24
A00258,V00258_2,Car,38
A00258,V00258_3,Car,37
A00259,V00259_1,Car,33
A00259,V00259_2,Bike,26
A00259,V00259_3,Auto,29
A00260,V00260_1,Bus,31
A00261,V00261_1,Car,26
A00261,V00261_2,Bike,31
A00262,V00262_1,Bike,27
A00263,V00263_1,Car,27
A00264,V00264_1,Bike,20
A00265,V00265_1,Car,45
A00266,V00266_1,Auto,22
A00267,V00267_1,Car,35
A00267,V00267_2,Bike,30
A00267,V00267_3,Auto,33
A00268,V00268_1,Bike,26
A00269,V00269_1,Bike,28
A00270,V00270_1,Bike,25
A00271,V00271_1,Bike,18
A00272,V00272_1,Bike,32
A00272,V00272_2,Bike,29
A00273,V00273_1,Car,25
A00274,V00274_1,Auto,45
A00275,V00275_1,Car,28
A00276,V00276_1,Car,43
A00276,V00276_2,Auto,25
A00277,V00277_1,Bike,43
A00277,V00277_2,Car,30
A00278,V00278_1,Car,39
A00278,V00278_2,Car,41
A00279,V00279_1,Bike,24
A00280,V00280_1,Bike,33
A00281,V00281_1,Bike,36
A00281,V00281_2,Car,35
A00282,V00282_1,Car,31
A00282,V00282_2,Car,29
A00282,V00282_3,Truck,20
A00283,V00283_1,Bike,31
A00284,V00284_1,Bike,25
A00285,V00285_1,Bike,35
A00286,V00286_1,Bike,28
A00286,V00286_2,Bus,20
A00287,V00287_1,Truck,28
A00287,V00287_2,Car,44
A00287,V00287_3,Car,25
A00288,V00288_1,Car,35
A00289,V00289_1,Bike,28
A00289,V00289_2,Bus,21
A00289,V00289_3,Car,45
A00290,V00290_1,Car,37
A00290,V00290_2,Truck,20
A00291,V00291_1,Truck,44
A00291,V00291_2,Car,38
A00292,V00292_1,Car,37
A00292,V00292_2,Car,30
A00293,V00293_1,Car,33
A00293,V00293_2,Bike,18
A00294,V00294_1,Car,31
A00294,V00294_2,Truck,33
A00295,V00295_1,Truck,30
A00295,V00295_2,Bike,25
A00296,V00296_1,Car,41
A00296,V00296_2,Bike,24
A00297,V00297_1,Truck,37
A00297,V00297_2,Bike,37
A00297,V00297_3,Car,36
A00298,V00298_1,Car,26
A00299,V00299_1,Car,32
A00300,V00300_1,Bike,21
A00301,V00301_1,Car,30
A00301,V00301_2,Bike,26
A00302,V00302_1,Bike,26
A00303,V00303_1,Car,33
A00304,V00304_1,Car,35
A00305,V00305_1,Bike,19
A00306,V00306_1,Auto,39
A00307,V00307_1,Car,46
A00307,V00307_2,Truck,18
A00308,V00308_1,Bike,36
A00308,V00308_2,Auto,38
A00309,V00309_1,Car,34
A00309,V00309_2,Bike,32
A00309,V00309_3,Truck,33
A00310,V00310_1,Bike,33
A00311,V00311_1,Auto,25
A00311,V00311_2,Bike,44
A00311,V00311_3,Bus,18
A00312,V00312_1,Bike,35
A00312,V00312_2,Auto,18
A00312,V00312_3,Car,30
A00313,V00313_1,Bike,18
A00313,V00313_2,Truck,34
A00314,V00314_1,Car,31
A00314,V00314_2,Truck,25
A00315,V00315_1,Car,38
A00316,V00316_1,Bike,33
A00316,V00316_2,Car,31
A00317,V00317_1,Car,18
A00317,V00317_2,Car,33
A00318,V00318_1,Truck,43
A00318,V00318_2,Auto,36
A00318,V00318_3,Bike,28
A00319,V00319_1,Truck,22
A00320,V00320_1,Bike,40
A00321,V00321_1,Car,25
A00322,V00322_1,Car,37
A00322,V00322_2,Car,28
A00322,V00322_3,Car,24
A00323,V00323_1,Bus,29
A00323,V00323_2,Truck,24
A00324,V00324_1,Car,34
A00324,V00324_2,Bike,46
A00325,V00325_1,Car,28
A00326,V00326_1,Car,36
A00327,V00327_1,Bike,26
A00328,V00328_1,Bike,26
A00329,V00329_1,Bus,37
A00329,V00329_2,Car,34
A00329,V00329_3,Car,22
A00330,V00330_1,Bike,30
A00331,V00331_1,Bike,36
A00332,V00332_1,Car,34
A00332,V00332_2,Car,18
A00332,V00332_3,Bus,29
A00333,V00333_1,Car,49
A00333,V00333_2,Car,37
A00333,V00333_3,Bike,28
A00334,V00334_1,Car,20
A00334,V00334_2,Bus,30
A00335,V00335_1,Truck,51
A00335,V00335_2,Car,33
A00336,V00336_1,Bike,38
A00337,V00337_1,Car,28
A00338,V00338_1,Car,41
A00339,V00339_1,Car,23
A00340,V00340_1,Car,48
A00340,V00340_2,Car,35
A00341,V00341_1,Car,33
A00341,V00341_2,Car,19
A00342,V00342_1,Bike,30
A00342,V00342_2,Bike,37
A00343,V00343_1,Car,30
A00344,V00344_1,Car,36
A00344,V00344_2,Car,49
A00345,V00345_1,Car,33
A00345,V00345_2,Car,25
A00346,V00346_1,Bus,42
A00347,V00347_1,Car,42
A00347,V00347_2,Bike,37
A00348,V00348_1,Car,29
A00348,V00348_2,Car,38
A00349,V00349_1,Car,29
A00349,V00349_2,Bike,31
A00349,V00349_3,Truck,33
A00350,V00350_1,Bike,39
A00350,V00350_2,Bike,37
A00351,V00351_1,Car,41
A00351,V00351_2,Bike,31
A00352,V00352_1,Bike,29
A00353,V00353_1,Auto,25
A00354,V00354_1,Car,30
A00354,V00354_2,Car,28
A00354,V00354_3,Car,31
A00355,V00355_1,Bus,32
A00355,V00355_2,Truck,48
A00356,V00356_1,Truck,33
A00356,V00356_2,Bike,32
A00356,V00356_3,Bike,43
A00357,V00357_1,Car,18
A00357,V00357_2,Car,34
A00357,V00357_3,Auto,50
A00358,V00358_1,Car,25
A00359,V00359_1,Car,30
A00359,V00359_2,Auto,38
A00360,V00360_1,Car,30
A00360,V00360_2,Bike,50
A00360,V00360_3,Bike,29
A00361,V00361_1,Bike,34
A00362,V00362_1,Car,30
A00362,V00362_2,Car,35
A00362,V00362_3,Bike,45
A00363,V00363_1,Bus,29
A00363,V00363_2,Bike,34
A00364,V00364_1,Car,41
A00364,V00364_2,Bike,24
A00365,V00365_1,Bike,22
A00365,V00365_2,Truck,30
A00366,V00366_1,Bike,29
A00367,V00367_1,Bike,40
A00368,V00368_1,Car,40
A00368,V00368_2,Bus,18
A00369,V00369_1,Car,27
A00370,V00370_1,Car,24
A00371,V00371_1,Car,30
A00371,V00371_2,Bike,35
A00372,V00372_1,Car,29
A00373,V00373_1,Car,25
A00374,V00374_1,Car,28
A00374,V00374_2,Car,36
A00375,V00375_1,Car,25
A00376,V00376_1,Bike,34
A00376,V00376_2,Bike,31
A00376,V00376_3,Car,33
A00377,V00377_1,Truck,34
A00377,V00377_2,Bike,24
A00378,V00378_1,Bike,32
A00378,V00378_2,Truck,36
A00379,V00379_1,Bike,25
A00380,V00380_1,Bike,20
A00381,V00381_1,Auto,39
A00381,V00381_2,Bike,23
A00382,V00382_1,Car,37
A00383,V00383_1,Car,22
A00384,V00384_1,Bus,26
A00384,V00384_2,Bus,39
A00384,V00384_3,Car,31
A00385,V00385_1,Car,40
A00385,V00385_2,Bike,34
A00386,V00386_1,Bike,28
A00387,V00387_1,Bike,34
A00387,V00387_2,Truck,18
A00388,V00388_1,Bike,34
A00389,V00389_1,Bike,48
A00390,V00390_1,Car,27
A00390,V00390_2,Car,33
A00390,V00390_3,Car,42
A00391,V00391_1,Car,29
A00391,V00391_2,Car,37
A00392,V00392_1,Bike,39
A00393,V00393_1,Bike,26
A00394,V00394_1,Car,19
A00395,V00395_1,Bus,31
A00396,V00396_1,Car,29
A00397,V00397_1,Truck,42
A00397,V00397_2,Car,28
A00398,V00398_1,Bike,47
A00399,V00399_1,Car,42
A00400,V00400_1,Car,18
A00400,V00400_2,Bike,31
A00401,V00401_1,Bike,33
A00401,V00401_2,Bike,19
A00402,V00402_1,Auto,33
A00403,V00403_1,Bike,29
A00404,V00404_1,Car,18
A00404,V00404_2,Truck,31
A00405,V00405_1,Bus,23
A00406,V00406_1,Car,33
A00406,V00406_2,Bus,37
A00407,V00407_1,Truck,28
A00407,V00407_2,Bike,33
A00408,V00408_1,Car,46
A00409,V00409_1,Bus,24
A00410,V00410_1,Car,48
A00410,V00410_2,Bus,23
A00411,V00411_1,Bike,20
A00412,V00412_1,Truck,34
A00412,V00412_2,Bike,30
A00413,V00413_1,Car,32
A00413,V00413_2,Truck,29
A00414,V00414_1,Bike,43
A00415,V00415_1,Car,28
A00416,V00416_1,Bike,39
A00417,V00417_1,Car,36
A00418,V00418_1,Bike,28
A00419,V00419_1,Truck,37
A00419,V00419_2,Bike,23
A00420,V00420_1,Bike,30
A00420,V00420_2,Car,31
A00421,V00421_1,Bike,31
A00421,V00421_2,Car,25
A00422,V00422_1,Bike,19
A00422,V00422_2,Bike,40
A00423,V00423_1,Bus,31
A00424,V00424_1,Car,21
A00425,V00425_1,Bike,30
A00425,V00425_2,Car,32
A00426,V00426_1,Car,23
A00427,V00427_1,Car,38
A00428,V00428_1,Car,37
A00428,V00428_2,Car,44
A00429,V00429_1,Bike,25
A00429,V00429_2,Bike,34
A00430,V00430_1,Car,26
A00431,V00431_1,Car,28
A00431,V00431_2,Bike,30
A00431,V00431_3,Bus,37
A00432,V00432_1,Bike,37
A00433,V00433_1,Truck,24
A00433,V00433_2,Car,28
A00434,V00434_1,Truck,24
A00434,V00434_2,Car,22
A00435,V00435_1,Car,42
A00436,V00436_1,Bike,32
A00437,V00437_1,Car,32
A00438,V00438_1,Bike,29
A00439,V00439_1,Bike,36
A00440,V00440_1,Car,39
A00441,V00441_1,Bike,24
A00442,V00442_1,Auto,28
A00442,V00442_2,Bike,48
A00442,V00442_3,Truck,27
A00443,V00443_1,Bus,39
A00443,V00443_2,Car,32
A00444,V00444_1,Car,34
A00444,V00444_2,Car,30
A00445,V00445_1,Car,24
A00445,V00445_2,Car,23
A00445,V00445_3,Bike,22
A00446,V00446_1,Car,21
A00446,V00446_2,Bike,33
A00447,V00447_1,Car,41
A00448,V00448_1,Bus,26
A00448,V00448_2,Car,25
A00448,V00448_3,Bike,26
A00449,V00449_1,Bike,30
A00450,V00450_1,Bike,18
A00450,V00450_2,Truck,33
A00451,V00451_1,Bike,37
A00452,V00452_1,Car,40
A00452,V00452_2,Car,40
A00453,V00453_1,Bike,30
A00454,V00454_1,Bike,21
A00454,V00454_2,Car,38
A00455,V00455_1,Car,29
A00456,V00456_1,Truck,33
A00456,V00456_2,Bike,36
A00456,V00456_3,Car,18
A00457,V00457_1,Car,34
A00458,V00458_1,Bus,34
A00459,V00459_1,Bike,26
A00460,V00460_1,Auto,18
A00460,V00460_2,Car,33
A00460,V00460_3,Auto,34
A00461,V00461_1,Truck,33
A00462,V00462_1,Car,32
A00462,V00462_2,Car,42
A00462,V00462_3,Bike,34
A00463,V00463_1,Car,32
A00463,V00463_2,Bike,23
A00463,V00463_3,Car,51
A00464,V00464_1,Car,29
A00465,V00465_1,Car,34
A00465,V00465_2,Car,20
A00466,V00466_1,Truck,18
A00466,V00466_2,Car,29
A00467,V00467_1,Bike,27
A00468,V00468_1,Truck,39
A00468,V00468_2,Car,39
A00469,V00469_1,Bike,33
A00470,V00470_1,Car,32
A00470,V00470_2,Car,18
A00470,V00470_3,Car,21
A00471,V00471_1,Truck,33
A00471,V00471_2,Bike,43
A00471,V00471_3,Bike,41
A00472,V00472_1,Bike,35
A00472,V00472_2,Car,43
A00473,V00473_1,Car,28
A00473,V00473_2,Bike,35
A00474,V00474_1,Car,33
A00474,V00474_2,Auto,27
A00475,V00475_1,Car,32
A00476,V00476_1,Car,27
A00476,V00476_2,Car,33
A00477,V00477_1,Bus,28
A00478,V00478_1,Car,36
A00478,V00478_2,Bike,32
A00479,V00479_1,Bike,39
A00480,V00480_1,Truck,40
A00481,V00481_1,Car,29
A00482,V00482_1,Truck,36
A00482,V00482_2,Car,27
A00483,V00483_1,Bike,37
A00483,V00483_2,Bike,27
A00484,V00484_1,Car,30
A00485,V00485_1,Car,25
A00485,V00485_2,Auto,34
A00486,V00486_1,Car,33
A00486,V00486_2,Car,24
A00486,V00486_3,Bike,28
A00487,V00487_1,Car,42
A00487,V00487_2,Bus,27
A00488,V00488_1,Auto,32
A00488,V00488_2,Bike,35
A00489,V00489_1,Car,20
A00490,V00490_1,Truck,29
A00490,V00490_2,Bike,38
A00491,V00491_1,Car,40
A00492,V00492_1,Car,28
A00492,V00492_2,Car,26
A00492,V00492_3,Car,29
A00493,V00493_1,Bike,26
A00494,V00494_1,Car,24
A00494,V00494_2,Car,34
A00495,V00495_1,Bike,24
A00496,V00496_1,Car,26
A00496,V00496_2,Car,50
A00496,V00496_3,Bike,22
A00497,V00497_1,Truck,35
A00498,V00498_1,Car,43
A00499,V00499_1,Car,42
A00499,V00499_2,Bike,33
A00499,V00499_3,Bike,27
A00500,V00500_1,Truck,29
A00500,V00500_2,Car,33
A00501,V00501_1,Bus,26
A00502,V00502_1,Car,43
A00503,V00503_1,Truck,24
A00503,V00503_2,Car,26
A00504,V00504_1,Car,31
A00504,V00504_2,Car,29
A00505,V00505_1,Bike,22
A00506,V00506_1,Car,40
A00507,V00507_1,Bike,34
A00508,V00508_1,Bike,42
A00508,V00508_2,Car,29
A00509,V00509_1,Car,30
A00510,V00510_1,Truck,20
A00511,V00511_1,Car,36
A00511,V00511_2,Car,34
A00512,V00512_1,Bike,23
A00512,V00512_2,Car,41
A00513,V00513_1,Car,42
A00514,V00514_1,Bike,26
A00514,V00514_2,Car,35
A00514,V00514_3,Car,23
A00515,V00515_1,Bike,37
A00516,V00516_1,Bike,36
A00516,V00516_2,Car,47
A00517,V00517_1,Car,44
A00518,V00518_1,Bike,30
A00518,V00518_2,Truck,27
A00519,V00519_1,Auto,23
A00520,V00520_1,Car,32
A00520,V00520_2,Car,33
A00521,V00521_1,Car,38
A00521,V00521_2,Car,25
A00522,V00522_1,Car,42
A00523,V00523_1,Bike,27
A00523,V00523_2,Car,18
A00524,V00524_1,Bike,24
A00525,V00525_1,Truck,26
A00526,V00526_1,Bike,24
A00526,V00526_2,Bus,47
A00527,V00527_1,Car,28
A00528,V00528_1,Car,26
A00528,V00528_2,Car,37
A00529,V00529_1,Truck,31
A00529,V00529_2,Auto,34
A00529,V00529_3,Bike,18
A00530,V00530_1,Bike,28
A00530,V00530_2,Bike,29
A00531,V00531_1,Car,31
A00531,V00531_2,Bike,28
A00532,V00532_1,Car,18
A00533,V00533_1,Car,44
A00534,V00534_1,Bike,35
A00535,V00535_1,Car,31
A00536,V00536_1,Car,32
A00536,V00536_2,Auto,36
A00537,V00537_1,Bike,18
A00537,V00537_2,Bike,47
A00538,V00538_1,Car,30
A00538,V00538_2,Bike,28
A00539,V00539_1,Car,46
A00539,V00539_2,Car,38
A00540,V00540_1,Car,36
A00541,V00541_1,Car,37
A00541,V00541_2,Car,24
A00542,V00542_1,Bike,46
A00542,V00542_2,Car,34
A00543,V00543_1,Car,27
A00543,V00543_2,Bike,42
A00543,V00543_3,Car,46
A00544,V00544_1,Bike,42
A00545,V00545_1,Bike,25
A00545,V00545_2,Car,28
A00546,V00546_1,Bike,42
A00546,V00546_2,Bike,19
A00547,V00547_1,Bike,33
A00547,V00547_2,Auto,25
A00548,V00548_1,Car,39
A00548,V00548_2,Bike,35
A00549,V00549_1,Car,34
A00549,V00549_2,Bike,18
A00550,V00550_1,Car,38
A00551,V00551_1,Car,34
A00551,V00551_2,Auto,25
A00551,V00551_3,Car,45
A00552,V00552_1,Car,36
A00553,V00553_1,Car,27
A00553,V00553_2,Bike,30
A00553,V00553_3,Bike,40
A00554,V00554_1,Bus,23
A00554,V00554_2,Car,31
A00554,V00554_3,Truck,44
A00555,V00555_1,Car,21
A00556,V00556_1,Bike,34
A00556,V00556_2,Bus,51
A00557,V00557_1,Bus,24
A00557,V00557_2,Car,18
A00557,V00557_3,Car,38
A00558,V00558_1,Bike,23
A00558,V00558_2,Car,25
A00559,V00559_1,Auto,31
A00559,V00559_2,Car,58
A00560,V00560_1,Car,29
A00561,V00561_1,Auto,21
A00561,V00561_2,Bike,29
A00562,V00562_1,Car,41
A00562,V00562_2,Car,38
A00563,V00563_1,Auto,18
A00564,V00564_1,Bike,35
A00565,V00565_1,Car,34
A00566,V00566_1,Bike,19
A00567,V00567_1,Car,18
A00567,V00567_2,Car,22
A00568,V00568_1,Bike,32
A00569,V00569_1,Truck,33
A00569,V00569_2,Auto,30
A00570,V00570_1,Auto,32
A00571,V00571_1,Bike,40
A00571,V00571_2,Car,38
A00572,V00572_1,Car,51
A00573,V00573_1,Car,31
A00573,V00573_2,Truck,26
A00574,V00574_1,Car,41
A00574,V00574_2,Car,29
A00575,V00575_1,Car,24
A00576,V00576_1,Truck,38
A00577,V00577_1,Car,33
A00577,V00577_2,Bike,23
A00577,V00577_3,Car,35
A00578,V00578_1,Car,19
A00578,V00578_2,Bike,28
A00578,V00578_3,Truck,31
A00579,V00579_1,Bike,36
A00579,V00579_2,Car,22
A00580,V00580_1,Auto,47
A00581,V00581_1,Truck,31
A00581,V00581_2,Bike,38
A00582,V00582_1,Car,22
A00583,V00583_1,Bus,18
A00584,V00584_1,Car,18
A00585,V00585_1,Truck,23
A00586,V00586_1,Bike,38
A00586,V00586_2,Car,37
A00587,V00587_1,Truck,32
A00587,V00587_2,Auto,18
A00587,V00587_3,Bike,18
A00588,V00588_1,Bike,32
A00589,V00589_1,Bike,58
A00590,V00590_1,Car,22
A00591,V00591_1,Bike,26
A00592,V00592_1,Bike,45
A00592,V00592_2,Bike,33
A00592,V00592_3,Bike,27
A00593,V00593_1,Bike,37
A00593,V00593_2,Car,28
A00594,V00594_1,Bike,34
A00595,V00595_1,Car,28
A00596,V00596_1,Truck,30
A00597,V00597_1,Car,19
A00598,V00598_1,Car,35
A00598,V00598_2,Car,30
A00598,V00598_3,Bike,18
A00599,V00599_1,Car,26
A00599,V00599_2,Bus,45
A00600,V00600_1,Bus,29
A00600,V00600_2,Car,38
A00601,V00601_1,Car,28
A00602,V00602_1,Car,26
A00603,V00603_1,Bike,30
A00604,V00604_1,Truck,36
A00605,V00605_1,Car,50
A00605,V00605_2,Car,40
A00605,V00605_3,Car,27
A00606,V00606_1,Bike,42
A00606,V00606_2,Car,28
A00606,V00606_3,Car,34
A00607,V00607_1,Bike,40
A00608,V00608_1,Bike,29
A00609,V00609_1,Car,33
A00610,V00610_1,Truck,33
A00611,V00611_1,Car,38
A00611,V00611_2,Car,31
A00612,V00612_1,Bus,37
A00613,V00613_1,Truck,33
A00614,V00614_1,Bike,31
A00614,V00614_2,Bike,20
A00614,V00614_3,Car,30
A00615,V00615_1,Car,18
A00615,V00615_2,Truck,32
A00615,V00615_3,Car,18
A00616,V00616_1,Car,22
A00617,V00617_1,Car,35
A00618,V00618_1,Bike,23
A00619,V00619_1,Car,41
A00620,V00620_1,Car,18
A00621,V00621_1,Bike,49
A00621,V00621_2,Bike,26
A00622,V00622_1,Car,18
A00622,V00622_2,Car,34
A00623,V00623_1,Bike,47
A00623,V00623_2,Car,30
A00624,V00624_1,Bike,20
A00625,V00625_1,Car,32
A00626,V00626_1,Car,32
A00627,V00627_1,Bike,22
A00627,V00627_2,Car,20
A00627,V00627_3,Car,41
A00628,V00628_1,Car,34
A00629,V00629_1,Car,33
A00629,V00629_2,Bike,29
A00629,V00629_3,Car,39
A00630,V00630_1,Bus,23
A00630,V00630_2,Car,38
A00631,V00631_1,Car,21
A00631,V00631_2,Car,27
A00632,V00632_1,Bike,29
A00632,V00632_2,Car,30
A00633,V00633_1,Bike,20
A00633,V00633_2,Auto,18
A00634,V00634_1,Bike,40
A00634,V00634_2,Car,26
A00634,V00634_3,Car,38
A00635,V00635_1,Bike,31
A00636,V00636_1,Bike,19
A00637,V00637_1,Bike,35
A00637,V00637_2,Car,36
A00638,V00638_1,Car,35
A00638,V00638_2,Car,49
A00638,V00638_3,Car,32
A00639,V00639_1,Bike,29
A00639,V00639_2,Car,29
A00639,V00639_3,Bike,38
A00640,V00640_1,Car,26
A00641,V00641_1,Bike,37
A00642,V00642_1,Bike,29
A00642,V00642_2,Truck,44
A00643,V00643_1,Car,39
A00643,V00643_2,Bike,25
A00644,V00644_1,Bike,29
A00644,V00644_2,Auto,42
A00644,V00644_3,Car,33
A00645,V00645_1,Car,49
A00646,V00646_1,Car,38
A00646,V00646_2,Bike,23
A00647,V00647_1,Bike,25
A00647,V00647_2,Car,18
A00648,V00648_1,Car,43
A00649,V00649_1,Truck,34
A00649,V00649_2,Bike,34
A00649,V00649_3,Truck,24
A00650,V00650_1,Car,29
A00650,V00650_2,Bus,40
A00651,V00651_1,Bike,39
A00652,V00652_1,Car,31
A00653,V00653_1,Bike,34
A00653,V00653_2,Bike,19
A00653,V00653_3,Truck,22
A00654,V00654_1,Car,48
A00655,V00655_1,Bike,27
A00656,V00656_1,Bike,28
A00656,V00656_2,Bike,45
A00657,V00657_1,Car,30
A00658,V00658_1,Bike,29
A00659,V00659_1,Car,29
A00660,V00660_1,Truck,24
A00660,V00660_2,Car,25
A00661,V00661_1,Bike,18
A00662,V00662_1,Car,22
A00662,V00662_2,Bike,18
A00662,V00662_3,Car,44
A00663,V00663_1,Bike,22
A00663,V00663_2,Bike,30
A00664,V00664_1,Car,23
A00664,V00664_2,Truck,29
A00664,V00664_3,Bike,35
A00665,V00665_1,Car,49
A00665,V00665_2,Bike,23
A00665,V00665_3,Bike,35
A00666,V00666_1,Car,25
A00667,V00667_1,Bike,40
A00667,V00667_2,Truck,31
A00668,V00668_1,Car,36
A00668,V00668_2,Truck,29
A00669,V00669_1,Car,27
A00669,V00669_2,Bike,27
A00670,V00670_1,Bus,18
A00671,V00671_1,Truck,43
A00671,V00671_2,Car,31
A00672,V00672_1,Car,31
A00673,V00673_1,Bike,25
A00674,V00674_1,Car,23
A00674,V00674_2,Bike,32
A00674,V00674_3,Car,32
A00675,V00675_1,Car,33
A00676,V00676_1,Car,39
A00677,V00677_1,Truck,27
A00677,V00677_2,Car,29
A00678,V00678_1,Bus,26
A00679,V00679_1,Bike,34
A00679,V00679_2,Bike,29
A00679,V00679_3,Car,48
A00680,V00680_1,Car,30
A00681,V00681_1,Car,31
A00682,V00682_1,Car,34
A00683,V00683_1,Bike,39
A00683,V00683_2,Car,30
A00684,V00684_1,Car,33
A00684,V00684_2,Bike,27
A00684,V00684_3,Car,18
A00685,V00685_1,Car,44
A00686,V00686_1,Bus,25
A00687,V00687_1,Bike,28
A00688,V00688_1,Car,26
A00689,V00689_1,Car,33
A00689,V00689_2,Car,36
A00689,V00689_3,Car,20
A00690,V00690_1,Truck,35
A00691,V00691_1,Auto,31
A00692,V00692_1,Car,41
A00693,V00693_1,Bike,31
A00694,V00694_1,Bike,26
A00694,V00694_2,Car,41
A00695,V00695_1,Truck,42
A00695,V00695_2,Car,37
A00696,V00696_1,Bike,30
A00696,V00696_2,Car,37
A00696,V00696_3,Car,34
A00697,V00697_1,Auto,30
A00698,V00698_1,Car,34
A00699,V00699_1,Car,29
A00700,V00700_1,Bus,38
A00701,V00701_1,Auto,26
A00701,V00701_2,Car,43
A00702,V00702_1,Auto,31
A00703,V00703_1,Bike,42
A00703,V00703_2,Car,21
A00703,V00703_3,Bike,34
A00704,V00704_1,Car,43
A00705,V00705_1,Car,27
A00705,V00705_2,Car,33
A00705,V00705_3,Bike,24
A00706,V00706_1,Bike,33
A00707,V00707_1,Bike,36
A00707,V00707_2,Bike,47
A00708,V00708_1,Bike,23
A00708,V00708_2,Bus,39
A00708,V00708_3,Bike,27
A00709,V00709_1,Car,22
A00709,V00709_2,Car,44
A00710,V00710_1,Bike,42
A00711,V00711_1,Truck,32
A00712,V00712_1,Bike,19
A00712,V00712_2,Truck,18
A00713,V00713_1,Bike,51
A00713,V00713_2,Car,29
A00713,V00713_3,Bike,44
A00714,V00714_1,Car,38
A00714,V00714_2,Car,42
A00715,V00715_1,Bike,23
A00716,V00716_1,Car,25
A00717,V00717_1,Bike,41
A00717,V00717_2,Bike,24
A00718,V00718_1,Car,18
A00718,V00718_2,Bike,34
A00718,V00718_3,Car,43
A00719,V00719_1,Bike,36
A00720,V00720_1,Car,38
A00720,V00720_2,Bike,30
A00721,V00721_1,Truck,28
A00721,V00721_2,Auto,21
A00722,V00722_1,Bike,35
A00723,V00723_1,Bike,32
A00724,V00724_1,Truck,31
A00725,V00725_1,Car,43
A00725,V00725_2,Car,39
A00725,V00725_3,Car,33
A00726,V00726_1,Car,27
A00726,V00726_2,Bike,30
A00727,V00727_1,Bike,36
A00728,V00728_1,Auto,38
A00728,V00728_2,Car,23
A00729,V00729_1,Car,25
A00729,V00729_2,Car,47
A00730,V00730_1,Truck,25
A00731,V00731_1,Car,21
A00732,V00732_1,Car,22
A00733,V00733_1,Car,27
A00733,V00733_2,Bike,33
A00734,V00734_1,Bike,25
A00734,V00734_2,Truck,28
A00734,V00734_3,Auto,23
A00735,V00735_1,Bike,27
A00736,V00736_1,Bike,31
A00737,V00737_1,Car,40
A00737,V00737_2,Truck,37
A00738,V00738_1,Truck,28
A00739,V00739_1,Bike,19
A00740,V00740_1,Truck,35
A00741,V00741_1,Auto,47
A00742,V00742_1,Truck,35
A00743,V00743_1,Bus,34
A00744,V00744_1,Car,44
A00745,V00745_1,Auto,23
A00745,V00745_2,Bike,40
A00746,V00746_1,Car,18
A00746,V00746_2,Car,32
A00747,V00747_1,Bus,43
A00748,V00748_1,Car,30
A00748,V00748_2,Car,30
A00748,V00748_3,Car,43
A00749,V00749_1,Auto,18
A00749,V00749_2,Car,26
A00749,V00749_3,Bike,40
A00750,V00750_1,Bike,30
A00750,V00750_2,Car,22
A00750,V00750_3,Bike,32
A00751,V00751_1,Bike,28
A00751,V00751_2,Auto,18
A00752,V00752_1,Car,24
A00752,V00752_2,Truck,27
A00752,V00752_3,Car,20
A00753,V00753_1,Bus,32
A00754,V00754_1,Bike,22
A00755,V00755_1,Auto,34
A00755,V00755_2,Car,18
A00756,V00756_1,Truck,30
A00756,V00756_2,Car,32
A00757,V00757_1,Bike,44
A00758,V00758_1,Bike,31
A00758,V00758_2,Car,38
A00759,V00759_1,Bus,39
A00759,V00759_2,Bike,18
A00760,V00760_1,Car,23
A00761,V00761_1,Auto,35
A00761,V00761_2,Bike,33
A00762,V00762_1,Bike,28
A00763,V00763_1,Bike,36
A00764,V00764_1,Car,33
A00764,V00764_2,Bike,30
A00765,V00765_1,Bike,32
A00765,V00765_2,Bike,38
A00766,V00766_1,Bike,30
A00766,V00766_2,Car,27
A00767,V00767_1,Car,18
A00768,V00768_1,Car,18
A00768,V00768_2,Bike,31
A00769,V00769_1,Car,27
A00770,V00770_1,Bike,28
A00770,V00770_2,Bike,18
A00771,V00771_1,Bike,28
A00772,V00772_1,Car,37
A00773,V00773_1,Car,44
A00774,V00774_1,Truck,22
A00774,V00774_2,Car,20
A00774,V00774_3,Car,30
A00775,V00775_1,Auto,34
A00776,V00776_1,Truck,39
A00776,V00776_2,Bike,31
A00777,V00777_1,Car,22
A00778,V00778_1,Car,40
A00778,V00778_2,Car,27
A00778,V00778_3,Car,54
A00779,V00779_1,Bike,38
A00780,V00780_1,Car,31
A00780,V00780_2,Bike,31
A00780,V00780_3,Auto,20
A00781,V00781_1,Car,42
A00782,V00782_1,Truck,43
A00783,V00783_1,Bike,42
A00784,V00784_1,Car,52
A00784,V00784_2,Bus,29
A00785,V00785_1,Bike,36
A00785,V00785_2,Car,42
A00785,V00785_3,Bike,39
A00786,V00786_1,Car,37
A00787,V00787_1,Bike,38
A00787,V00787_2,Car,23
A00788,V00788_1,Bike,22
A00788,V00788_2,Car,34
A00788,V00788_3,Bike,41
A00789,V00789_1,Bike,49
A00789,V00789_2,Truck,23
A00790,V00790_1,Car,26
A00791,V00791_1,Car,24
A00791,V00791_2,Car,26
A00792,V00792_1,Bike,30
A00792,V00792_2,Car,28
A00793,V00793_1,Bike,38
A00793,V00793_2,Car,27
A00794,V00794_1,Bike,33
A00795,V00795_1,Car,36
A00795,V00795_2,Bike,37
A00796,V00796_1,Car,27
A00797,V00797_1,Car,25
A00797,V00797_2,Truck,26
A00798,V00798_1,Car,29
A00798,V00798_2,Bike,40
A00798,V00798_3,Bike,21
A00799,V00799_1,Car,24
A00800,V00800_1,Car,30
A00801,V00801_1,Bike,29
A00801,V00801_2,Car,38
A00802,V00802_1,Car,27
A00802,V00802_2,Bike,44
A00803,V00803_1,Car,37
A00803,V00803_2,Truck,19
A00804,V00804_1,Truck,29
A00804,V00804_2,Car,29
A00805,V00805_1,Bike,24
A00806,V00806_1,Car,26
A00806,V00806_2,Car,33
A00806,V00806_3,Bus,28
A00807,V00807_1,Truck,38
A00807,V00807_2,Truck,25
A00808,V00808_1,Bike,38
A00809,V00809_1,Car,45
A00809,V00809_2,Car,32
A00809,V00809_3,Car,31
A00810,V00810_1,Bike,38
A00810,V00810_2,Car,35
A00811,V00811_1,Car,18
A00812,V00812_1,Truck,37
A00813,V00813_1,Bike,26
A00814,V00814_1,Car,21
A00814,V00814_2,Car,35
A00814,V00814_3,Car,35
A00815,V00815_1,Bike,30
A00816,V00816_1,Car,26
A00817,V00817_1,Car,28
A00817,V00817_2,Car,22
A00817,V00817_3,Car,20
A00818,V00818_1,Truck,38
A00818,V00818_2,Bike,35
A00819,V00819_1,Truck,41
A00819,V00819_2,Truck,30
A00819,V00819_3,Truck,26
A00820,V00820_1,Car,28
A00821,V00821_1,Bike,28
A00822,V00822_1,Car,29
A00822,V00822_2,Car,40
A00823,V00823_1,Car,32
A00823,V00823_2,Truck,35
A00823,V00823_3,Car,25
A00824,V00824_1,Car,37
A00824,V00824_2,Bike,35
A00825,V00825_1,Bike,36
A00825,V00825_2,Bike,43
A00825,V00825_3,Bike,30
A00826,V00826_1,Car,36
A00827,V00827_1,Car,32
A00828,V00828_1,Bike,42
A00829,V00829_1,Bike,30
A00829,V00829_2,Car,34
A00830,V00830_1,Bike,18
A00830,V00830_2,Car,31
A00831,V00831_1,Car,26
A00832,V00832_1,Car,35
A00832,V00832_2,Truck,45
A00833,V00833_1,Car,30
A00834,V00834_1,Bike,43
A00835,V00835_1,Bike,40
A00835,V00835_2,Bike,50
A00836,V00836_1,Car,46
A00836,V00836_2,Car,26
A00837,V00837_1,Bus,29
A00837,V00837_2,Car,28
A00838,V00838_1,Car,30
A00839,V00839_1,Bus,22
A00839,V00839_2,Bike,25
A00840,V00840_1,Car,29
A00840,V00840_2,Car,35
A00841,V00841_1,Bike,34
A00841,V00841_2,Bike,25
A00842,V00842_1,Car,32
A00843,V00843_1,Car,34
A00843,V00843_2,Bike,45
A00844,V00844_1,Bus,27
A00844,V00844_2,Car,31
A00845,V00845_1,Bus,44
A00846,V00846_1,Bike,34
A00846,V00846_2,Car,18
A00847,V00847_1,Car,42
A00848,V00848_1,Car,36
A00849,V00849_1,Bike,27
A00849,V00849_2,Bike,39
A00850,V00850_1,Bike,50
A00850,V00850_2,Car,24
A00851,V00851_1,Car,31
A00852,V00852_1,Bike,35
A00853,V00853_1,Car,45
A00854,V00854_1,Car,29
A00855,V00855_1,Car,18
A00855,V00855_2,Car,35
A00856,V00856_1,Bike,37
A00857,V00857_1,Car,31
A00858,V00858_1,Bike,33
A00859,V00859_1,Car,30
A00859,V00859_2,Car,27
A00860,V00860_1,Car,35
A00860,V00860_2,Car,29
A00860,V00860_3,Auto,34
A00861,V00861_1,Car,30
A00862,V00862_1,Bike,30
A00862,V00862_2,Car,29
A00863,V00863_1,Car,42
A00864,V00864_1,Bike,43
A00864,V00864_2,Car,36
A00864,V00864_3,Bus,18
A00865,V00865_1,Bike,45
A00865,V00865_2,Car,36
A00866,V00866_1,Truck,32
A00866,V00866_2,Car,29
A00867,V00867_1,Car,28
A00867,V00867_2,Truck,29
A00868,V00868_1,Bike,36
A00869,V00869_1,Bike,31
A00869,V00869_2,Bike,23
A00869,V00869_3,Truck,36
A00870,V00870_1,Bike,18
A00870,V00870_2,Truck,26
A00871,V00871_1,Bike,32
A00871,V00871_2,Car,36
A00871,V00871_3,Bike,44
A00872,V00872_1,Bike,27
A00873,V00873_1,Car,27
A00874,V00874_1,Bike,36
A00874,V00874_2,Car,43
A00874,V00874_3,Bike,34
A00875,V00875_1,Car,44
A00876,V00876_1,Car,21
A00877,V00877_1,Auto,36
A00878,V00878_1,Bike,34
A00879,V00879_1,Car,38
A00880,V00880_1,Bike,37
A00880,V00880_2,Bike,25
A00881,V00881_1,Bike,37
A00881,V00881_2,Car,47
A00881,V00881_3,Bike,23
A00882,V00882_1,Bike,29
A00883,V00883_1,Car,36
A00883,V00883_2,Bike,40
A00884,V00884_1,Bike,29
A00884,V00884_2,Car,33
A00885,V00885_1,Auto,31
A00886,V00886_1,Bike,36
A00887,V00887_1,Bike,32
A00888,V00888_1,Bike,26
A00888,V00888_2,Bike,28
A00889,V00889_1,Car,23
A00889,V00889_2,Bike,32
A00890,V00890_1,Car,34
A00890,V00890_2,Car,34
A00891,V00891_1,Car,42
A00892,V00892_1,Car,29
A00893,V00893_1,Car,32
A00894,V00894_1,Car,25
A00895,V00895_1,Car,32
A00896,V00896_1,Car,33
A00897,V00897_1,Auto,41
A00897,V00897_2,Bike,36
A00898,V00898_1,Car,31
A00898,V00898_2,Bike,35
A00899,V00899_1,Car,36
A00899,V00899_2,Bike,35
A00899,V00899_3,Truck,34
A00900,V00900_1,Bike,39
A00900,V00900_2,Car,31
A00900,V00900_3,Bike,37
A00901,V00901_1,Bike,33
A00901,V00901_2,Car,37
A00902,V00902_1,Car,29
A00903,V00903_1,Bike,54
A00904,V00904_1,Bike,28
A00905,V00905_1,Car,36
A00905,V00905_2,Truck,36
A00906,V00906_1,Car,41
A00907,V00907_1,Bus,23
A00907,V00907_2,Bike,46
A00907,V00907_3,Car,25
A00908,V00908_1,Bike,19
A00909,V00909_1,Truck,20
A00910,V00910_1,Bike,29
A00911,V00911_1,Bus,28
A00912,V00912_1,Car,26
A00913,V00913_1,Bike,22
A00914,V00914_1,Car,37
A00915,V00915_1,Bus,36
A00915,V00915_2,Car,26
A00916,V00916_1,Car,28
A00917,V00917_1,Car,30
A00917,V00917_2,Bike,40
A00918,V00918_1,Bike,39
A00918,V00918_2,Car,29
A00919,V00919_1,Bike,40
A00919,V00919_2,Car,32
A00919,V00919_3,Bike,34
A00920,V00920_1,Car,36
A00920,V00920_2,Bike,42
A00921,V00921_1,Car,37
A00921,V00921_2,Bike,30
A00922,V00922_1,Auto,27
A00923,V00923_1,Truck,43
A00924,V00924_1,Bike,31
A00924,V00924_2,Bike,18
A00925,V00925_1,Truck,39
A00926,V00926_1,Bike,27
A00927,V00927_1,Car,28
A00927,V00927_2,Car,44
A00928,V00928_1,Bus,21
A00929,V00929_1,Bike,48
A00930,V00930_1,Auto,36
A00930,V00930_2,Bike,34
A00931,V00931_1,Car,30
A00932,V00932_1,Bike,52
A00932,V00932_2,Bike,44
A00933,V00933_1,Truck,22
A00934,V00934_1,Truck,43
A00934,V00934_2,Car,35
A00935,V00935_1,Car,32
A00935,V00935_2,Car,35
A00936,V00936_1,Car,32
A00936,V00936_2,Car,33
A00937,V00937_1,Car,49
A00938,V00938_1,Car,38
A00938,V00938_2,Car,30
A00938,V00938_3,Bike,31
A00939,V00939_1,Car,35
A00940,V00940_1,Car,34
A00940,V00940_2,Bike,32
A00941,V00941_1,Truck,25
A00942,V00942_1,Bike,24
A00943,V00943_1,Bike,35
A00944,V00944_1,Bus,19
A00944,V00944_2,Truck,35
A00944,V00944_3,Bike,18
A00945,V00945_1,Car,37
A00945,V00945_2,Bike,26
A00945,V00945_3,Car,19
A00946,V00946_1,Bike,31
A00946,V00946_2,Car,37
A00947,V00947_1,Bike,28
A00948,V00948_1,Bike,27
A00948,V00948_2,Car,27
A00948,V00948_3,Car,45
A00949,V00949_1,Car,30
A00949,V00949_2,Bike,42
A00950,V00950_1,Truck,30
A00951,V00951_1,Car,30
A00951,V00951_2,Bike,27
A00951,V00951_3,Bike,31
A00952,V00952_1,Car,36
A00952,V00952_2,Bike,29
A00953,V00953_1,Auto,32
A00954,V00954_1,Truck,32
A00954,V00954_2,Truck,37
A00954,V00954_3,Truck,42
A00955,V00955_1,Bike,35
A00955,V00955_2,Bike,31
A00956,V00956_1,Car,23
A00956,V00956_2,Truck,35
A00957,V00957_1,Bike,33
A00958,V00958_1,Car,41
A00959,V00959_1,Car,27
A00960,V00960_1,Car,33
A00961,V00961_1,Truck,35
A00961,V00961_2,Bike,31
A00961,V00961_3,Bike,49
A00962,V00962_1,Bike,32
A00963,V00963_1,Car,19
A00963,V00963_2,Bike,18
A00964,V00964_1,Bike,39
A00964,V00964_2,Bike,18
A00965,V00965_1,Bike,33
A00966,V00966_1,Car,35
A00966,V00966_2,Bike,32
A00967,V00967_1,Auto,32
A00968,V00968_1,Car,24
A00969,V00969_1,Bus,22
A00969,V00969_2,Bike,31
A00970,V00970_1,Auto,33
A00970,V00970_2,Bike,31
A00971,V00971_1,Bus,31
A00972,V00972_1,Car,33
A00972,V00972_2,Car,34
A00973,V00973_1,Car,26
A00973,V00973_2,Car,30
A00974,V00974_1,Car,24
A00974,V00974_2,Car,29
A00975,V00975_1,Bike,37
A00975,V00975_2,Bike,24
A00976,V00976_1,Bike,29
A00977,V00977_1,Auto,24
A00977,V00977_2,Bike,45
A00978,V00978_1,Car,29
A00979,V00979_1,Car,29
A00979,V00979_2,Bike,23
A00980,V00980_1,Car,41
A00981,V00981_1,Bike,24
A00981,V00981_2,Bike,52
A00982,V00982_1,Bus,43
A00982,V00982_2,Bus,26
A00983,V00983_1,Car,29
A00983,V00983_2,Car,38
A00983,V00983_3,Car,19
A00984,V00984_1,Bike,42
A00984,V00984_2,Car,44
A00985,V00985_1,Bike,36
A00986,V00986_1,Car,36
A00986,V00986_2,Car,38
A00987,V00987_1,Bike,39
A00988,V00988_1,Bike,37
A00988,V00988_2,Car,23
A00988,V00988_3,Car,26
A00989,V00989_1,Truck,27
A00989,V00989_2,Bike,18
A00990,V00990_1,Auto,41
A00991,V00991_1,Truck,18
A00992,V00992_1,Car,23
A00992,V00992_2,Car,26
A00993,V00993_1,Bike,39
A00993,V00993_2,Bike,18
A00994,V00994_1,Car,40
A00994,V00994_2,Truck,22
A00995,V00995_1,Car,30
A00996,V00996_1,Car,29
A00996,V00996_2,Truck,37
A00997,V00997_1,Car,41
A00997,V00997_2,Car,38
A00998,V00998_1,Car,28
A00999,V00999_1,Car,25
A00999,V00999_2,Bike,26
A01000,V01000_1,Car,36
A01001,V01001_1,Truck,25
A01001,V01001_2,Truck,39
A01002,V01002_1,Car,18
A01003,V01003_1,Car,48
A01004,V01004_1,Bike,34
A01005,V01005_1,Car,23
A01006,V01006_1,Bike,35
A01007,V01007_1,Bike,28
A01008,V01008_1,Car,40
A01008,V01008_2,Truck,29
A01008,V01008_3,Bike,43
A01009,V01009_1,Car,39
A01010,V01010_1,Bike,41
A01011,V01011_1,Car,29
A01011,V01011_2,Car,38
A01012,V01012_1,Bike,54
A01013,V01013_1,Bike,24
A01014,V01014_1,Auto,29
A01015,V01015_1,Bike,36
A01015,V01015_2,Bike,30
A01016,V01016_1,Bike,28
A01016,V01016_2,Bike,44
A01016,V01016_3,Auto,35
A01017,V01017_1,Car,65
A01018,V01018_1,Car,25
A01018,V01018_2,Car,32
A01018,V01018_3,Car,39
A01019,V01019_1,Bike,37
A01020,V01020_1,Car,36
A01021,V01021_1,Car,37
A01021,V01021_2,Car,18
A01022,V01022_1,Car,30
A01022,V01022_2,Car,28
A01022,V01022_3,Bike,34
A01023,V01023_1,Bike,38
A01024,V01024_1,Car,41
A01025,V01025_1,Car,25
A01026,V01026_1,Bike,51
A01026,V01026_2,Car,32
A01026,V01026_3,Bike,49
A01027,V01027_1,Auto,25
A01027,V01027_2,Bike,19
A01028,V01028_1,Car,18
A01028,V01028_2,Car,23
A01029,V01029_1,Bike,37
A01030,V01030_1,Car,21
A01031,V01031_1,Car,39
A01032,V01032_1,Auto,40
A01032,V01032_2,Car,34
A01033,V01033_1,Bike,27
A01034,V01034_1,Bike,31
A01034,V01034_2,Car,23
A01035,V01035_1,Truck,26
A01035,V01035_2,Bike,36
A01036,V01036_1,Car,38
A01037,V01037_1,Bike,22
A01038,V01038_1,Bus,37
A01038,V01038_2,Auto,47
A01039,V01039_1,Car,22
A01039,V01039_2,Car,42
A01040,V01040_1,Car,30
A01040,V01040_2,Bike,23
A01041,V01041_1,Bike,26
A01042,V01042_1,Car,29
A01043,V01043_1,Bike,21
A01044,V01044_1,Car,36
A01044,V01044_2,Car,32
A01044,V01044_3,Car,29
A01045,V01045_1,Car,29
A01045,V01045_2,Car,24
A01046,V01046_1,Car,38
A01047,V01047_1,Car,33
A01048,V01048_1,Bike,27
A01049,V01049_1,Truck,46
A01049,V01049_2,Truck,26
A01049,V01049_3,Bike,25
A01050,V01050_1,Bike,26
A01051,V01051_1,Car,39
A01052,V01052_1,Bike,27
A01053,V01053_1,Bike,33
A01053,V01053_2,Car,28
A01054,V01054_1,Bike,26
A01055,V01055_1,Car,44
A01055,V01055_2,Bike,38
A01056,V01056_1,Car,25
A01056,V01056_2,Bike,39
A01056,V01056_3,Car,33
A01057,V01057_1,Bike,41
A01057,V01057_2,Car,24
A01057,V01057_3,Bike,29
A01058,V01058_1,Car,18
A01059,V01059_1,Bike,38
A01060,V01060_1,Bike,33
A01060,V01060_2,Car,43
A01060,V01060_3,Car,23
A01061,V01061_1,Truck,42
A01062,V01062_1,Car,37
A01063,V01063_1,Auto,24
A01063,V01063_2,Car,26
A01064,V01064_1,Car,28
A01064,V01064_2,Car,36
A01065,V01065_1,Bike,22
A01065,V01065_2,Bike,34
A01066,V01066_1,Bike,30
A01067,V01067_1,Car,34
A01067,V01067_2,Bike,29
A01067,V01067_3,Bike,27
A01068,V01068_1,Bike,43
A01069,V01069_1,Bike,45
A01069,V01069_2,Truck,29
A01069,V01069_3,Bike,37
A01070,V01070_1,Car,34
A01070,V01070_2,Bike,22
A01071,V01071_1,Car,43
A01072,V01072_1,Car,31
A01073,V01073_1,Truck,35
A01074,V01074_1,Bike,29
A01074,V01074_2,Car,33
A01075,V01075_1,Bike,33
A01076,V01076_1,Car,35
A01077,V01077_1,Bike,35
A01077,V01077_2,Bus,40
A01077,V01077_3,Truck,34
A01078,V01078_1,Auto,29
A01079,V01079_1,Car,34
A01080,V01080_1,Truck,34
A01081,V01081_1,Bike,34
A01081,V01081_2,Car,47
A01081,V01081_3,Bike,25
A01082,V01082_1,Bike,33
A01082,V01082_2,Bike,30
A01082,V01082_3,Truck,43
A01083,V01083_1,Bike,38
A01084,V01084_1,Bike,35
A01085,V01085_1,Car,29
A01086,V01086_1,Car,21
A01087,V01087_1,Car,34
A01088,V01088_1,Truck,39
A01089,V01089_1,Car,33
A01089,V01089_2,Car,28
A01089,V01089_3,Car,21
A01090,V01090_1,Truck,25
A01090,V01090_2,Car,36
A01091,V01091_1,Auto,26
A01092,V01092_1,Bike,48
A01092,V01092_2,Car,30
A01093,V01093_1,Bike,37
A01093,V01093_2,Bike,42
A01093,V01093_3,Bike,24
A01094,V01094_1,Truck,19
A01095,V01095_1,Bike,26
A01096,V01096_1,Car,18
A01096,V01096_2,Car,37
A01097,V01097_1,Car,33
A01098,V01098_1,Car,43
A01098,V01098_2,Bike,31
A01099,V01099_1,Car,26
A01099,V01099_2,Bus,42
A01099,V01099_3,Bike,34
A01100,V01100_1,Car,33
A01101,V01101_1,Car,26
A01101,V01101_2,Car,18
A01102,V01102_1,Bike,24
A01103,V01103_1,Car,28
A01104,V01104_1,Bike,35
A01104,V01104_2,Truck,33
A01105,V01105_1,Bike,27
A01105,V01105_2,Bike,39
A01106,V01106_1,Auto,34
A01106,V01106_2,Car,19
A01106,V01106_3,Truck,36
A01107,V01107_1,Bike,18
A01107,V01107_2,Car,28
A01108,V01108_1,Car,36
A01108,V01108_2,Auto,38
A01109,V01109_1,Bike,18
A01109,V01109_2,Car,43
A01109,V01109_3,Car,34
A01110,V01110_1,Auto,33
A01111,V01111_1,Car,38
A01111,V01111_2,Bus,18
A01111,V01111_3,Bike,33
A01112,V01112_1,Car,31
A01112,V01112_2,Car,43
A01113,V01113_1,Bus,42
A01113,V01113_2,Car,36
A01113,V01113_3,Car,43
A01114,V01114_1,Car,29
A01115,V01115_1,Bike,28
A01115,V01115_2,Truck,37
A01116,V01116_1,Truck,37
A01116,V01116_2,Bike,28
A01117,V01117_1,Car,36
A01117,V01117_2,Bike,23
A01118,V01118_1,Bike,27
A01119,V01119_1,Bus,35
A01119,V01119_2,Truck,18
A01120,V01120_1,Bike,20
A01120,V01120_2,Car,35
A01121,V01121_1,Car,43
A01122,V01122_1,Bike,29
A01123,V01123_1,Car,41
A01124,V01124_1,Car,24
A01125,V01125_1,Truck,39
A01125,V01125_2,Car,42
A01125,V01125_3,Car,22
A01126,V01126_1,Car,30
A01126,V01126_2,Car,23
A01127,V01127_1,Bus,18
A01128,V01128_1,Car,38
A01129,V01129_1,Bike,25
A01129,V01129_2,Car,31
A01129,V01129_3,Bike,32
A01130,V01130_1,Bike,38
A01131,V01131_1,Bike,37
A01131,V01131_2,Car,25
A01131,V01131_3,Bus,31
A01132,V01132_1,Truck,27
A01133,V01133_1,Car,38
A01133,V01133_2,Car,29
A01133,V01133_3,Truck,29
A01134,V01134_1,Bike,42
A01134,V01134_2,Bike,30
A01134,V01134_3,Car,34
A01135,V01135_1,Bike,45
A01135,V01135_2,Car,38
A01136,V01136_1,Bike,43
A01137,V01137_1,Bike,36
A01138,V01138_1,Bike,39
A01138,V01138_2,Bike,39
A01139,V01139_1,Car,29
A01140,V01140_1,Car,36
A01140,V01140_2,Bike,48
A01141,V01141_1,Car,25
A01142,V01142_1,Car,21
A01142,V01142_2,Truck,32
A01142,V01142_3,Bike,48
A01143,V01143_1,Bike,29
A01143,V01143_2,Bike,29
A01143,V01143_3,Car,32
A01144,V01144_1,Bike,34
A01144,V01144_2,Car,38
A01145,V01145_1,Auto,23
A01146,V01146_1,Car,34
A01146,V01146_2,Bike,34
A01147,V01147_1,Bike,23
A01148,V01148_1,Auto,25
A01148,V01148_2,Bike,41
A01149,V01149_1,Bike,25
A01149,V01149_2,Car,35
A01150,V01150_1,Bus,33
A01150,V01150_2,Bike,41
A01151,V01151_1,Bike,31
A01151,V01151_2,Bike,34
A01151,V01151_3,Bike,30
A01152,V01152_1,Car,26
A01153,V01153_1,Bike,42
A01153,V01153_2,Bike,29
A01154,V01154_1,Car,43
A01154,V01154_2,Bike,21
A01154,V01154_3,Bike,39
A01155,V01155_1,Bike,27
A01156,V01156_1,Truck,51
A01157,V01157_1,Bus,34
A01157,V01157_2,Car,35
A01158,V01158_1,Auto,30
A01158,V01158_2,Car,30
A01159,V01159_1,Bike,41
A01159,V01159_2,Bike,36
A01160,V01160_1,Car,32
A01160,V01160_2,Car,27
A01161,V01161_1,Truck,38
A01161,V01161_2,Car,23
A01162,V01162_1,Bike,18
A01162,V01162_2,Truck,26
A01163,V01163_1,Bike,31
A01163,V01163_2,Car,45
A01163,V01163_3,Bike,58
A01164,V01164_1,Bike,20
A01165,V01165_1,Car,20
A01165,V01165_2,Car,29
A01166,V01166_1,Bike,43
A01167,V01167_1,Bike,42
A01168,V01168_1,Car,25
A01168,V01168_2,Car,18
A01169,V01169_1,Car,31
A01170,V01170_1,Truck,26
A01171,V01171_1,Car,37
A01172,V01172_1,Car,30
A01173,V01173_1,Car,21
A01174,V01174_1,Car,31
A01174,V01174_2,Bike,38
A01174,V01174_3,Car,29
A01175,V01175_1,Auto,42
A01176,V01176_1,Bike,25
A01177,V01177_1,Car,39
A01178,V01178_1,Bike,20
A01178,V01178_2,Car,31
A01178,V01178_3,Car,33
A01179,V01179_1,Bike,38
A01179,V01179_2,Car,34
A01179,V01179_3,Bike,35
A01180,V01180_1,Bike,25
A01180,V01180_2,Car,36
A01181,V01181_1,Truck,18
A01182,V01182_1,Car,47
A01183,V01183_1,Bike,30
A01184,V01184_1,Auto,35
A01185,V01185_1,Bike,31
A01186,V01186_1,Bike,44
A01186,V01186_2,Car,40
A01187,V01187_1,Car,34
A01187,V01187_2,Car,26
A01187,V01187_3,Bike,40
A01188,V01188_1,Auto,36
A01189,V01189_1,Auto,34
A01190,V01190_1,Car,35
A01190,V01190_2,Bike,38
A01191,V01191_1,Bike,43
A01191,V01191_2,Bike,20
A01191,V01191_3,Car,33
A01192,V01192_1,Truck,31
A01193,V01193_1,Auto,28
A01193,V01193_2,Auto,19
A01193,V01193_3,Bike,44
A01194,V01194_1,Truck,27
A01194,V01194_2,Bike,32
A01194,V01194_3,Car,55
A01195,V01195_1,Car,46
A01195,V01195_2,Bike,27
A01196,V01196_1,Bike,25
A01196,V01196_2,Bike,34
A01197,V01197_1,Car,32
A01197,V01197_2,Car,36
A01197,V01197_3,Bike,25
A01198,V01198_1,Car,30
A01199,V01199_1,Car,33
A01200,V01200_1,Bike,28
A01200,V01200_2,Bike,42
A01201,V01201_1,Bike,22
A01201,V01201_2,Car,32
A01202,V01202_1,Bike,47
A01202,V01202_2,Bike,28
A01203,V01203_1,Bike,47
A01203,V01203_2,Car,39
A01204,V01204_1,Car,27
A01204,V01204_2,Car,42
A01204,V01204_3,Car,37
A01205,V01205_1,Bike,25
A01205,V01205_2,Car,34
A01205,V01205_3,Truck,24
A01206,V01206_1,Bus,42
A01207,V01207_1,Car,36
A01208,V01208_1,Car,19
A01209,V01209_1,Car,36
A01210,V01210_1,Truck,20
A01211,V01211_1,Car,35
A01212,V01212_1,Bike,28
A01212,V01212_2,Truck,47
A01212,V01212_3,Bus,31
A01213,V01213_1,Auto,27
A01213,V01213_2,Bike,32
A01214,V01214_1,Car,28
A01215,V01215_1,Bike,35
A01215,V01215_2,Bike,24
A01216,V01216_1,Truck,24
A01217,V01217_1,Bike,25
A01218,V01218_1,Car,39
A01219,V01219_1,Bike,28
A01219,V01219_2,Bike,30
A01220,V01220_1,Bike,35
A01220,V01220_2,Bike,22
A01221,V01221_1,Car,25
A01222,V01222_1,Bike,32
A01223,V01223_1,Car,24
A01224,V01224_1,Car,36
A01224,V01224_2,Auto,18
A01224,V01224_3,Car,29
A01225,V01225_1,Bike,30
A01225,V01225_2,Bike,27
A01225,V01225_3,Car,28
A01226,V01226_1,Car,29
A01227,V01227_1,Car,25
A01228,V01228_1,Truck,48
A01229,V01229_1,Bike,24
A01229,V01229_2,Bike,34
A01230,V01230_1,Bike,23
A01230,V01230_2,Car,18
A01231,V01231_1,Car,23
A01231,V01231_2,Bike,28
A01232,V01232_1,Car,33
A01232,V01232_2,Bike,39
A01233,V01233_1,Truck,41
A01233,V01233_2,Car,36
A01233,V01233_3,Bike,32
A01234,V01234_1,Car,28
A01235,V01235_1,Bike,41
A01235,V01235_2,Bike,31
A01235,V01235_3,Car,34
A01236,V01236_1,Truck,28
A01237,V01237_1,Bike,32
A01238,V01238_1,Bike,25
A01239,V01239_1,Bike,39
A01239,V01239_2,Truck,37
A01239,V01239_3,Car,40
A01240,V01240_1,Car,32
A01241,V01241_1,Auto,22
A01241,V01241_2,Car,24
A01242,V01242_1,Truck,18
A01242,V01242_2,Truck,25
A01243,V01243_1,Bike,45
A01244,V01244_1,Bike,43
A01245,V01245_1,Car,35
A01245,V01245_2,Car,20
A01246,V01246_1,Car,24
A01247,V01247_1,Truck,32
A01247,V01247_2,Bike,55
A01248,V01248_1,Bike,18
A01248,V01248_2,Bike,30
A01249,V01249_1,Truck,26
A01250,V01250_1,Car,44
A01250,V01250_2,Bike,29
A01251,V01251_1,Car,51
A01251,V01251_2,Car,41
A01251,V01251_3,Bus,24
A01252,V01252_1,Auto,35
A01253,V01253_1,Bus,32
A01254,V01254_1,Car,25
A01254,V01254_2,Car,22
A01255,V01255_1,Car,40
A01256,V01256_1,Car,22
A01256,V01256_2,Bike,32
A01257,V01257_1,Bus,40
A01257,V01257_2,Car,27
A01258,V01258_1,Car,41
A01259,V01259_1,Bike,40
A01260,V01260_1,Bike,26
A01261,V01261_1,Bike,18
A01262,V01262_1,Bike,29
A01263,V01263_1,Car,24
A01263,V01263_2,Car,38
A01264,V01264_1,Car,25
A01264,V01264_2,Truck,39
A01265,V01265_1,Auto,33
A01265,V01265_2,Car,18
A01266,V01266_1,Truck,37
A01266,V01266_2,Car,25
A01267,V01267_1,Car,38
A01267,V01267_2,Truck,30
A01268,V01268_1,Car,39
A01269,V01269_1,Car,28
A01269,V01269_2,Truck,20
A01270,V01270_1,Auto,21
A01270,V01270_2,Car,23
A01271,V01271_1,Car,27
A01272,V01272_1,Truck,50
A01272,V01272_2,Bike,29
A01272,V01272_3,Bike,29
A01273,V01273_1,Bus,38
A01274,V01274_1,Car,39
A01274,V01274_2,Bike,31
A01275,V01275_1,Car,41
A01276,V01276_1,Bike,36
A01276,V01276_2,Bike,24
A01277,V01277_1,Bike,31
A01278,V01278_1,Bike,24
A01279,V01279_1,Car,30
A01279,V01279_2,Bike,20
A01280,V01280_1,Bike,24
A01280,V01280_2,Car,40
A01281,V01281_1,Bus,31
A01281,V01281_2,Car,27
A01281,V01281_3,Bike,29
A01282,V01282_1,Bike,25
A01282,V01282_2,Car,34
A01282,V01282_3,Bike,30
A01283,V01283_1,Car,35
A01284,V01284_1,Bike,27
A01284,V01284_2,Bike,24
A01285,V01285_1,Car,32
A01285,V01285_2,Bike,27
A01286,V01286_1,Car,47
A01286,V01286_2,Car,26
A01286,V01286_3,Bike,31
A01287,V01287_1,Bike,25
A01288,V01288_1,Auto,34
A01288,V01288_2,Bike,35
A01289,V01289_1,Car,39
A01289,V01289_2,Auto,34
A01290,V01290_1,Bike,37
A01291,V01291_1,Bike,35
A01291,V01291_2,Auto,25
A01292,V01292_1,Bike,29
A01293,V01293_1,Bike,31
A01294,V01294_1,Car,18
A01295,V01295_1,Car,40
A01295,V01295_2,Bike,27
A01296,V01296_1,Bike,24
A01297,V01297_1,Bike,39
A01297,V01297_2,Car,18
A01298,V01298_1,Car,29
A01298,V01298_2,Bike,27
A01299,V01299_1,Car,32
A01299,V01299_2,Car,42
A01299,V01299_3,Car,37
A01300,V01300_1,Car,37
A01301,V01301_1,Car,42
A01301,V01301_2,Car,22
A01302,V01302_1,Bike,28
A01302,V01302_2,Bike,26
A01303,V01303_1,Bike,38
A01303,V01303_2,Truck,35
A01304,V01304_1,Bike,41
A01305,V01305_1,Bike,37
A01305,V01305_2,Car,40
A01306,V01306_1,Car,26
A01306,V01306_2,Bike,21
A01307,V01307_1,Car,39
A01307,V01307_2,Truck,18
A01308,V01308_1,Bike,33
A01308,V01308_2,Bike,30
A01309,V01309_1,Car,37
A01309,V01309_2,Car,51
A01309,V01309_3,Car,45
A01310,V01310_1,Car,37
A01311,V01311_1,Bus,26
A01311,V01311_2,Truck,24
A01312,V01312_1,Car,24
A01312,V01312_2,Bike,38
A01312,V01312_3,Bike,29
A01313,V01313_1,Car,18
A01314,V01314_1,Bike,25
A01315,V01315_1,Car,39
A01315,V01315_2,Car,36
A01316,V01316_1,Truck,30
A01317,V01317_1,Bike,26
A01317,V01317_2,Bike,36
A01318,V01318_1,Truck,37
A01319,V01319_1,Bike,25
A01320,V01320_1,Bike,25
A01320,V01320_2,Bus,28
A01321,V01321_1,Bike,33
A01322,V01322_1,Car,38
A01323,V01323_1,Car,25
A01323,V01323_2,Car,32
A01324,V01324_1,Car,35
A01325,V01325_1,Car,26
A01326,V01326_1,Car,25
A01326,V01326_2,Bus,37
A01326,V01326_3,Bike,43
A01327,V01327_1,Car,29
A01328,V01328_1,Bus,42
A01328,V01328_2,Car,29
A01329,V01329_1,Bike,27
A01330,V01330_1,Car,24
A01330,V01330_2,Car,35
A01330,V01330_3,Car,33
A01331,V01331_1,Truck,25
A01331,V01331_2,Car,32
A01331,V01331_3,Bike,23
A01332,V01332_1,Bike,26
A01333,V01333_1,Bike,39
A01334,V01334_1,Car,21
A01334,V01334_2,Truck,41
A01334,V01334_3,Truck,25
A01335,V01335_1,Auto,34
A01336,V01336_1,Bike,34
A01336,V01336_2,Car,39
A01337,V01337_1,Bike,29
A01337,V01337_2,Car,30
A01338,V01338_1,Auto,49
A01339,V01339_1,Car,26
A01339,V01339_2,Auto,18
A01340,V01340_1,Bike,30
A01340,V01340_2,Bike,35
A01341,V01341_1,Truck,49
A01341,V01341_2,Car,33
A01341,V01341_3,Bike,24
A01342,V01342_1,Bike,43
A01343,V01343_1,Car,29
A01343,V01343_2,Car,32
A01344,V01344_1,Truck,33
A01345,V01345_1,Car,20
A01346,V01346_1,Bus,28
A01346,V01346_2,Auto,36
A01346,V01346_3,Bike,39
A01347,V01347_1,Car,22
A01348,V01348_1,Car,21
A01348,V01348_2,Car,45
A01349,V01349_1,Bike,38
A01349,V01349_2,Bus,35
A01350,V01350_1,Car,38
A01350,V01350_2,Bike,19
A01351,V01351_1,Car,34
A01352,V01352_1,Car,31
A01352,V01352_2,Auto,30
A01353,V01353_1,Bike,54
A01353,V01353_2,Bike,41
A01354,V01354_1,Car,18
A01354,V01354_2,Car,38
A01354,V01354_3,Bike,32
A01355,V01355_1,Bus,18
A01355,V01355_2,Bike,18
A01356,V01356_1,Truck,33
A01357,V01357_1,Bike,24
A01358,V01358_1,Car,41
A01359,V01359_1,Bike,32
A01359,V01359_2,Car,30
A01360,V01360_1,Car,33
A01360,V01360_2,Car,30
A01361,V01361_1,Car,30
A01361,V01361_2,Car,21
A01362,V01362_1,Bike,36
A01363,V01363_1,Car,18
A01364,V01364_1,Truck,18
A01364,V01364_2,Car,32
A01365,V01365_1,Bike,25
A01366,V01366_1,Truck,41
A01367,V01367_1,Car,42
A01367,V01367_2,Car,35
A01367,V01367_3,Car,28
A01368,V01368_1,Car,29
A01369,V01369_1,Bike,42
A01370,V01370_1,Car,32
A01371,V01371_1,Truck,36
A01372,V01372_1,Car,32
A01372,V01372_2,Bike,30
A01373,V01373_1,Truck,34
A01374,V01374_1,Bike,24
A01375,V01375_1,Truck,20
A01376,V01376_1,Bike,41
A01376,V01376_2,Bike,43
A01377,V01377_1,Car,40
A01378,V01378_1,Car,26
A01379,V01379_1,Car,25
A01380,V01380_1,Bike,28
A01381,V01381_1,Truck,29
A01381,V01381_2,Car,29
A01382,V01382_1,Bike,43
A01382,V01382_2,Bike,22
A01382,V01382_3,Car,22
A01383,V01383_1,Car,18
A01383,V01383_2,Bike,25
A01383,V01383_3,Bike,22
A01384,V01384_1,Car,36
A01384,V01384_2,Car,30
A01385,V01385_1,Bike,31
A01386,V01386_1,Car,31
A01386,V01386_2,Bike,32
A01386,V01386_3,Bike,27
A01387,V01387_1,Bus,29
A01387,V01387_2,Bike,34
A01387,V01387_3,Truck,46
A01388,V01388_1,Car,35
A01388,V01388_2,Car,24
A01389,V01389_1,Car,29
A01390,V01390_1,Bus,27
A01391,V01391_1,Car,25
A01392,V01392_1,Car,37
A01393,V01393_1,Bike,39
A01393,V01393_2,Car,25
A01394,V01394_1,Truck,20
A01394,V01394_2,Car,53
A01394,V01394_3,Car,35
A01395,V01395_1,Bike,28
A01396,V01396_1,Car,33
A01397,V01397_1,Bus,25
A01397,V01397_2,Bike,18
A01398,V01398_1,Car,29
A01398,V01398_2,Car,30
A01399,V01399_1,Car,29
A01399,V01399_2,Car,47
A01400,V01400_1,Bike,18
A01400,V01400_2,Bike,30
A01401,V01401_1,Bike,32
A01402,V01402_1,Truck,32
A01402,V01402_2,Car,33
A01403,V01403_1,Car,24
A01403,V01403_2,Bike,48
A01403,V01403_3,Bus,23
A01404,V01404_1,Bike,39
A01405,V01405_1,Bike,27
A01405,V01405_2,Truck,38
A01406,V01406_1,Bike,27
A01406,V01406_2,Car,37
A01406,V01406_3,Bike,31
A01407,V01407_1,Car,35
A01407,V01407_2,Car,25
A01408,V01408_1,Auto,18
A01409,V01409_1,Car,39
A01410,V01410_1,Bike,29
A01411,V01411_1,Bike,25
A01412,V01412_1,Auto,27
A01413,V01413_1,Auto,43
A01414,V01414_1,Car,40
A01415,V01415_1,Bike,29
A01416,V01416_1,Bike,23
A01416,V01416_2,Car,26
A01417,V01417_1,Car,31
A01418,V01418_1,Car,27
A01418,V01418_2,Auto,27
A01418,V01418_3,Bike,28
A01419,V01419_1,Car,26
A01420,V01420_1,Bike,50
A01420,V01420_2,Car,31
A01421,V01421_1,Bike,34
A01421,V01421_2,Car,31
A01422,V01422_1,Bike,41
A01423,V01423_1,Car,19
A01423,V01423_2,Bike,25
A01424,V01424_1,Bike,22
A01424,V01424_2,Car,34
A01424,V01424_3,Car,38
A01425,V01425_1,Car,39
A01426,V01426_1,Car,18
A01426,V01426_2,Truck,26
A01427,V01427_1,Car,29
A01428,V01428_1,Car,49
A01429,V01429_1,Bike,19
A01429,V01429_2,Truck,46
A01430,V01430_1,Car,24
A01431,V01431_1,Car,29
A01431,V01431_2,Truck,22
A01431,V01431_3,Car,31
A01432,V01432_1,Truck,40
A01433,V01433_1,Car,42
A01433,V01433_2,Car,25
A01434,V01434_1,Bike,22
A01434,V01434_2,Bike,21
A01435,V01435_1,Bike,18
A01436,V01436_1,Car,34
A01436,V01436_2,Bike,40
A01436,V01436_3,Bike,41
A01437,V01437_1,Car,40
A01438,V01438_1,Bike,22
A01438,V01438_2,Car,34
A01439,V01439_1,Car,44
A01439,V01439_2,Bike,40
A01440,V01440_1,Bike,25
A01441,V01441_1,Truck,27
A01441,V01441_2,Bike,27
A01442,V01442_1,Car,38
A01443,V01443_1,Car,30
A01444,V01444_1,Car,41
A01445,V01445_1,Bus,33
A01445,V01445_2,Car,44
A01446,V01446_1,Truck,32
A01447,V01447_1,Auto,23
A01447,V01447_2,Bike,25
A01448,V01448_1,Car,35
A01449,V01449_1,Car,35
A01449,V01449_2,Bus,30
A01450,V01450_1,Auto,41
A01450,V01450_2,Car,41
A01451,V01451_1,Car,29
A01452,V01452_1,Auto,33
A01453,V01453_1,Bike,40
A01453,V01453_2,Auto,36
A01454,V01454_1,Car,38
A01455,V01455_1,Car,50
A01455,V01455_2,Bike,37
A01455,V01455_3,Bike,27
A01456,V01456_1,Bike,33
A01456,V01456_2,Car,18
A01457,V01457_1,Car,36
A01458,V01458_1,Car,45
A01459,V01459_1,Car,33
A01459,V01459_2,Truck,24
A01460,V01460_1,Car,32
A01460,V01460_2,Car,39
A01461,V01461_1,Bike,28
A01462,V01462_1,Truck,31
A01462,V01462_2,Car,44
A01463,V01463_1,Truck,43
A01464,V01464_1,Auto,25
A01464,V01464_2,Car,32
A01465,V01465_1,Bike,30
A01465,V01465_2,Car,30
A01466,V01466_1,Bike,34
A01466,V01466_2,Car,28
A01466,V01466_3,Car,39
A01467,V01467_1,Truck,27
A01468,V01468_1,Bike,31
A01469,V01469_1,Car,35
A01469,V01469_2,Truck,39
A01470,V01470_1,Truck,41
A01470,V01470_2,Bike,28
A01471,V01471_1,Bike,45
A01471,V01471_2,Bike,29
A01472,V01472_1,Bike,37
A01473,V01473_1,Car,21
A01473,V01473_2,Bike,35
A01474,V01474_1,Bike,37
A01474,V01474_2,Car,39
A01475,V01475_1,Bus,41
A01475,V01475_2,Car,26
A01476,V01476_1,Bus,43
A01477,V01477_1,Truck,24
A01477,V01477_2,Bike,23
A01478,V01478_1,Bike,27
A01479,V01479_1,Car,32
A01480,V01480_1,Auto,23
A01481,V01481_1,Bike,25
A01482,V01482_1,Truck,23
A01482,V01482_2,Truck,18
A01482,V01482_3,Car,35
A01483,V01483_1,Bike,30
A01484,V01484_1,Car,31
A01484,V01484_2,Car,37
A01485,V01485_1,Car,30
A01486,V01486_1,Car,26
A01487,V01487_1,Car,34
A01487,V01487_2,Truck,34
A01488,V01488_1,Bike,29
A01489,V01489_1,Auto,18
A01490,V01490_1,Bike,32
A01491,V01491_1,Car,40
A01491,V01491_2,Truck,36
A01492,V01492_1,Car,42
A01492,V01492_2,Car,25
A01492,V01492_3,Car,28
A01493,V01493_1,Car,20
A01493,V01493_2,Truck,39
A01494,V01494_1,Car,28
A01494,V01494_2,Car,32
A01494,V01494_3,Bike,27
A01495,V01495_1,Bike,26
A01496,V01496_1,Car,48
A01497,V01497_1,Bus,27
A01497,V01497_2,Truck,36
A01497,V01497_3,Truck,21
A01498,V01498_1,Bike,20
A01498,V01498_2,Bus,27
A01498,V01498_3,Bus,18
A01499,V01499_1,Truck,20
A01500,V01500_1,Car,34
A01501,V01501_1,Car,36
A01502,V01502_1,Bike,32
A01502,V01502_2,Bike,23
A01502,V01502_3,Car,47
A01503,V01503_1,Bike,24
A01503,V01503_2,Bike,30
A01504,V01504_1,Car,36
A01505,V01505_1,Truck,18
A01506,V01506_1,Bike,31
A01507,V01507_1,Car,44
A01507,V01507_2,Truck,38
A01508,V01508_1,Truck,28
A01509,V01509_1,Car,31
A01510,V01510_1,Car,40
A01510,V01510_2,Bus,36
A01511,V01511_1,Car,35
A01512,V01512_1,Car,19
A01512,V01512_2,Car,41
A01513,V01513_1,Car,35
A01514,V01514_1,Truck,28
A01515,V01515_1,Bike,29
A01516,V01516_1,Bike,37
A01516,V01516_2,Bike,25
A01516,V01516_3,Bike,39
A01517,V01517_1,Car,39
A01517,V01517_2,Car,29
A01517,V01517_3,Bike,26
A01518,V01518_1,Bike,35
A01519,V01519_1,Car,23
A01520,V01520_1,Bike,33
A01520,V01520_2,Car,34
A01521,V01521_1,Bike,43
A01521,V01521_2,Bike,23
A01522,V01522_1,Car,42
A01523,V01523_1,Car,35
A01524,V01524_1,Auto,40
A01524,V01524_2,Auto,34
A01524,V01524_3,Bike,22
A01525,V01525_1,Bike,23
A01525,V01525_2,Bike,43
A01525,V01525_3,Car,36
A01526,V01526_1,Car,19
A01527,V01527_1,Bike,35
A01527,V01527_2,Bike,39
A01528,V01528_1,Bike,39
A01529,V01529_1,Car,30
A01530,V01530_1,Bus,22
A01531,V01531_1,Car,36
A01531,V01531_2,Car,38
A01532,V01532_1,Truck,36
A01533,V01533_1,Bike,24
A01533,V01533_2,Car,23
A01534,V01534_1,Car,19
A01534,V01534_2,Car,31
A01534,V01534_3,Bike,18
A01535,V01535_1,Bike,34
A01535,V01535_2,Bike,22
A01536,V01536_1,Car,34
A01537,V01537_1,Bike,37
A01538,V01538_1,Bike,28
A01538,V01538_2,Truck,33
A01538,V01538_3,Bike,32
A01539,V01539_1,Car,29
A01539,V01539_2,Truck,38
A01539,V01539_3,Car,19
A01540,V01540_1,Car,30
A01541,V01541_1,Bike,35
A01541,V01541_2,Car,27
A01542,V01542_1,Car,31
A01542,V01542_2,Car,50
A01543,V01543_1,Car,28
A01544,V01544_1,Bike,29
A01544,V01544_2,Bike,38
A01545,V01545_1,Bike,36
A01545,V01545_2,Auto,38
A01546,V01546_1,Car,38
A01546,V01546_2,Bike,41
A01547,V01547_1,Bike,44
A01548,V01548_1,Bike,26
A01548,V01548_2,Car,29
A01549,V01549_1,Bike,42
A01550,V01550_1,Car,29
A01551,V01551_1,Car,37
A01552,V01552_1,Car,28
A01553,V01553_1,Bike,21
A01554,V01554_1,Car,40
A01555,V01555_1,Car,24
A01555,V01555_2,Car,23
A01556,V01556_1,Car,40
A01557,V01557_1,Car,48
A01558,V01558_1,Car,33
A01558,V01558_2,Bike,18
A01558,V01558_3,Bike,38
A01559,V01559_1,Bike,40
A01559,V01559_2,Car,23
A01560,V01560_1,Truck,18
A01560,V01560_2,Bike,24
A01561,V01561_1,Car,18
A01562,V01562_1,Car,36
A01562,V01562_2,Car,29
A01563,V01563_1,Car,28
A01563,V01563_2,Bike,29
A01564,V01564_1,Truck,40
A01564,V01564_2,Bike,32
A01565,V01565_1,Car,42
A01566,V01566_1,Bike,41
A01566,V01566_2,Bike,36
A01566,V01566_3,Car,36
A01567,V01567_1,Car,39
A01568,V01568_1,Bike,37
A01568,V01568_2,Car,32
A01568,V01568_3,Bike,36
A01569,V01569_1,Car,39
A01569,V01569_2,Bike,39
A01570,V01570_1,Bike,30
A01570,V01570_2,Car,46
A01570,V01570_3,Car,34
A01571,V01571_1,Car,37
A01571,V01571_2,Auto,35
A01572,V01572_1,Car,26
A01572,V01572_2,Car,43
A01573,V01573_1,Car,27
A01574,V01574_1,Car,18
A01575,V01575_1,Car,44
A01576,V01576_1,Car,27
A01577,V01577_1,Bike,36
A01578,V01578_1,Car,33
A01579,V01579_1,Car,39
A01579,V01579_2,Bike,32
A01580,V01580_1,Car,26
A01581,V01581_1,Car,44
A01582,V01582_1,Car,25
A01582,V01582_2,Car,30
A01583,V01583_1,Bike,20
A01584,V01584_1,Car,27
A01584,V01584_2,Car,30
A01585,V01585_1,Car,25
A01585,V01585_2,Auto,31
A01585,V01585_3,Car,23
A01586,V01586_1,Car,41
A01587,V01587_1,Bike,35
A01587,V01587_2,Bike,41
A01588,V01588_1,Car,24
A01589,V01589_1,Bike,30
A01590,V01590_1,Bike,30
A01590,V01590_2,Bike,43
A01591,V01591_1,Bike,22
A01591,V01591_2,Bike,29
A01592,V01592_1,Bike,26
A01592,V01592_2,Bike,32
A01593,V01593_1,Car,24
A01594,V01594_1,Auto,35
A01594,V01594_2,Car,27
A01595,V01595_1,Car,34
A01595,V01595_2,Car,39
A01595,V01595_3,Truck,25
A01596,V01596_1,Bike,37
A01596,V01596_2,Car,22
A01597,V01597_1,Bike,27
A01598,V01598_1,Bike,30
A01599,V01599_1,Bike,41
A01600,V01600_1,Bike,31
A01600,V01600_2,Car,40
A01600,V01600_3,Bike,48
A01601,V01601_1,Bike,34
A01601,V01601_2,Car,41
A01602,V01602_1,Car,22
A01603,V01603_1,Auto,39
A01603,V01603_2,Bike,43
A01604,V01604_1,Bike,35
A01604,V01604_2,Bike,26
A01605,V01605_1,Car,34
A01606,V01606_1,Bike,24
A01607,V01607_1,Bike,42
A01608,V01608_1,Car,24
A01609,V01609_1,Car,32
A01610,V01610_1,Car,37
A01611,V01611_1,Car,41
A01612,V01612_1,Bike,37
A01613,V01613_1,Car,18
A01613,V01613_2,Bus,42
A01613,V01613_3,Bike,30
A01614,V01614_1,Car,33
A01615,V01615_1,Auto,30
A01615,V01615_2,Bike,21
A01616,V01616_1,Bike,29
A01617,V01617_1,Car,21
A01618,V01618_1,Bike,36
A01619,V01619_1,Bike,36
A01619,V01619_2,Bike,25
A01620,V01620_1,Car,38
A01620,V01620_2,Bike,18
A01620,V01620_3,Bike,37
A01621,V01621_1,Bike,28
A01622,V01622_1,Car,26
A01622,V01622_2,Bike,43
A01623,V01623_1,Bus,41
A01623,V01623_2,Car,31
A01624,V01624_1,Bike,33
A01625,V01625_1,Car,18
A01626,V01626_1,Bike,29
A01627,V01627_1,Bus,36
A01627,V01627_2,Bike,31
A01628,V01628_1,Car,23
A01628,V01628_2,Car,34
A01629,V01629_1,Car,38
A01629,V01629_2,Bike,28
A01630,V01630_1,Auto,36
A01631,V01631_1,Truck,20
A01631,V01631_2,Car,23
A01632,V01632_1,Car,38
A01632,V01632_2,Truck,34
A01632,V01632_3,Bike,24
A01633,V01633_1,Auto,33
A01634,V01634_1,Bike,18
A01634,V01634_2,Bike,35
A01635,V01635_1,Truck,32
A01635,V01635_2,Car,37
A01636,V01636_1,Bike,31
A01637,V01637_1,Bike,30
A01637,V01637_2,Car,39
A01638,V01638_1,Truck,49
A01638,V01638_2,Bike,42
A01639,V01639_1,Bike,25
A01639,V01639_2,Truck,18
A01640,V01640_1,Car,46
A01641,V01641_1,Car,25
A01641,V01641_2,Auto,32
A01642,V01642_1,Bike,31
A01642,V01642_2,Car,28
A01643,V01643_1,Car,33
A01644,V01644_1,Bike,26
A01644,V01644_2,Truck,18
A01645,V01645_1,Car,32
A01645,V01645_2,Car,21
A01646,V01646_1,Car,37
A01646,V01646_2,Bike,44
A01646,V01646_3,Bike,37
A01647,V01647_1,Car,30
A01648,V01648_1,Car,47
A01648,V01648_2,Bike,26
A01649,V01649_1,Truck,38
A01649,V01649_2,Bike,44
A01650,V01650_1,Truck,21
A01650,V01650_2,Car,36
A01650,V01650_3,Truck,21
A01651,V01651_1,Car,45
A01651,V01651_2,Bike,37
A01651,V01651_3,Bus,46
A01652,V01652_1,Car,29
A01652,V01652_2,Bike,30
A01653,V01653_1,Bike,44
A01653,V01653_2,Bike,24
A01654,V01654_1,Car,46
A01654,V01654_2,Bike,27
A01655,V01655_1,Bike,30
A01655,V01655_2,Bike,25
A01656,V01656_1,Bike,35
A01657,V01657_1,Bike,39
A01658,V01658_1,Bike,40
A01658,V01658_2,Car,18
A01659,V01659_1,Bike,20
A01660,V01660_1,Car,38
A01660,V01660_2,Car,47
A01661,V01661_1,Auto,38
A01662,V01662_1,Bus,24
A01662,V01662_2,Bike,35
A01663,V01663_1,Car,23
A01663,V01663_2,Truck,36
A01663,V01663_3,Car,30
A01664,V01664_1,Bike,41
A01664,V01664_2,Car,40
A01665,V01665_1,Car,21
A01666,V01666_1,Bike,26
A01667,V01667_1,Bike,34
A01667,V01667_2,Car,31
A01668,V01668_1,Auto,18
A01669,V01669_1,Bike,40
A01670,V01670_1,Auto,30
A01671,V01671_1,Bike,33
A01671,V01671_2,Bike,27
A01672,V01672_1,Car,18
A01673,V01673_1,Car,29
A01673,V01673_2,Bike,30
A01674,V01674_1,Car,29
A01675,V01675_1,Bike,24
A01676,V01676_1,Car,25
A01676,V01676_2,Bus,41
A01677,V01677_1,Car,18
A01678,V01678_1,Bike,34
A01679,V01679_1,Car,37
A01680,V01680_1,Car,28
A01681,V01681_1,Car,30
A01682,V01682_1,Bike,27
A01683,V01683_1,Bike,22
A01684,V01684_1,Car,46
A01684,V01684_2,Bike,31
A01685,V01685_1,Car,36
A01686,V01686_1,Car,35
A01687,V01687_1,Bike,28
A01688,V01688_1,Bike,41
A01688,V01688_2,Truck,32
A01689,V01689_1,Bike,27
A01689,V01689_2,Car,26
A01689,V01689_3,Car,23
A01690,V01690_1,Bike,22
A01691,V01691_1,Bike,37
A01691,V01691_2,Bike,34
A01692,V01692_1,Car,33
A01693,V01693_1,Car,43
A01694,V01694_1,Car,40
A01695,V01695_1,Bike,36
A01696,V01696_1,Car,20
A01697,V01697_1,Truck,33
A01697,V01697_2,Bike,40
A01698,V01698_1,Bike,26
A01699,V01699_1,Truck,40
A01700,V01700_1,Bike,38
A01700,V01700_2,Car,35
A01700,V01700_3,Car,33
A01701,V01701_1,Bike,18
A01701,V01701_2,Truck,32
A01702,V01702_1,Car,28
A01703,V01703_1,Bike,38
A01704,V01704_1,Car,36
A01705,V01705_1,Car,27
A01706,V01706_1,Car,28
A01706,V01706_2,Truck,40
A01706,V01706_3,Car,37
A01707,V01707_1,Car,36
A01707,V01707_2,Car,46
A01708,V01708_1,Bike,37
A01708,V01708_2,Car,36
A01709,V01709_1,Car,32
A01710,V01710_1,Bike,35
A01710,V01710_2,Truck,35
A01711,V01711_1,Truck,23
A01712,V01712_1,Car,26
A01713,V01713_1,Truck,37
A01713,V01713_2,Auto,39
A01714,V01714_1,Bike,39
A01714,V01714_2,Bike,19
A01715,V01715_1,Car,43
A01716,V01716_1,Car,35
A01717,V01717_1,Bike,39
A01717,V01717_2,Car,33
A01718,V01718_1,Truck,25
A01719,V01719_1,Car,40
A01720,V01720_1,Truck,19
A01720,V01720_2,Car,32
A01721,V01721_1,Bike,18
A01722,V01722_1,Bike,33
A01723,V01723_1,Car,36
A01723,V01723_2,Bike,43
A01724,V01724_1,Bike,43
A01724,V01724_2,Auto,44
A01725,V01725_1,Bus,27
A01725,V01725_2,Auto,28
A01726,V01726_1,Car,42
A01726,V01726_2,Auto,40
A01726,V01726_3,Car,34
A01727,V01727_1,Car,34
A01728,V01728_1,Car,20
A01729,V01729_1,Car,36
A01729,V01729_2,Auto,33
A01730,V01730_1,Car,42
A01730,V01730_2,Bus,27
A01731,V01731_1,Car,28
A01731,V01731_2,Truck,37
A01731,V01731_3,Bike,42
A01732,V01732_1,Car,23
A01733,V01733_1,Car,18
A01734,V01734_1,Bus,35
A01735,V01735_1,Bike,35
A01736,V01736_1,Car,45
A01737,V01737_1,Truck,35
A01737,V01737_2,Bike,18
A01738,V01738_1,Car,48
A01739,V01739_1,Truck,21
A01740,V01740_1,Car,23
A01741,V01741_1,Car,33
A01741,V01741_2,Bus,36
A01741,V01741_3,Truck,36
A01742,V01742_1,Car,32
A01742,V01742_2,Bike,35
A01742,V01742_3,Truck,28
A01743,V01743_1,Car,35
A01744,V01744_1,Truck,38
A01745,V01745_1,Car,47
A01745,V01745_2,Bike,36
A01746,V01746_1,Car,40
A01747,V01747_1,Bus,40
A01747,V01747_2,Bus,29
A01748,V01748_1,Auto,45
A01749,V01749_1,Car,25
A01750,V01750_1,Bike,33
A01751,V01751_1,Bike,31
A01752,V01752_1,Bike,35
A01753,V01753_1,Bike,43
A01753,V01753_2,Car,25
A01753,V01753_3,Bike,22
A01754,V01754_1,Bike,39
A01755,V01755_1,Bike,18
A01755,V01755_2,Bike,49
A01756,V01756_1,Car,36
A01756,V01756_2,Bike,30
A01756,V01756_3,Car,27
A01757,V01757_1,Car,18
A01757,V01757_2,Bike,43
A01758,V01758_1,Car,40
A01759,V01759_1,Bike,38
A01759,V01759_2,Car,38
A01760,V01760_1,Bike,27
A01761,V01761_1,Bike,44
A01761,V01761_2,Bike,18
A01762,V01762_1,Car,29
A01762,V01762_2,Bike,29
A01763,V01763_1,Bus,28
A01764,V01764_1,Car,30
A01765,V01765_1,Bike,32
A01765,V01765_2,Car,25
A01765,V01765_3,Bus,39
A01766,V01766_1,Bike,31
A01766,V01766_2,Bus,21
A01766,V01766_3,Car,35
A01767,V01767_1,Bike,30
A01767,V01767_2,Bike,23
A01767,V01767_3,Car,33
A01768,V01768_1,Car,29
A01769,V01769_1,Bike,44
A01770,V01770_1,Car,36
A01770,V01770_2,Car,47
A01771,V01771_1,Truck,44
A01771,V01771_2,Bike,33
A01772,V01772_1,Auto,18
A01772,V01772_2,Bike,35
A01773,V01773_1,Car,26
A01774,V01774_1,Car,28
A01774,V01774_2,Car,31
A01775,V01775_1,Car,30
A01775,V01775_2,Bike,36
A01776,V01776_1,Truck,27
A01776,V01776_2,Bike,31
A01777,V01777_1,Car,29
A01778,V01778_1,Bike,18
A01779,V01779_1,Truck,36
A01779,V01779_2,Car,18
A01780,V01780_1,Car,24
A01781,V01781_1,Car,30
A01782,V01782_1,Car,43
A01783,V01783_1,Bike,35
A01783,V01783_2,Bus,39
A01783,V01783_3,Bike,35
A01784,V01784_1,Car,30
A01785,V01785_1,Truck,28
A01785,V01785_2,Bike,36
A01785,V01785_3,Auto,31
A01786,V01786_1,Truck,28
A01787,V01787_1,Bike,25
A01787,V01787_2,Car,40
A01788,V01788_1,Truck,40
A01788,V01788_2,Car,34
A01789,V01789_1,Bike,25
A01790,V01790_1,Car,36
A01790,V01790_2,Bike,23
A01791,V01791_1,Truck,33
A01792,V01792_1,Bike,36
A01792,V01792_2,Car,30
A01792,V01792_3,Car,24
A01793,V01793_1,Car,38
A01793,V01793_2,Bus,32
A01794,V01794_1,Bike,26
A01794,V01794_2,Car,26
A01795,V01795_1,Bus,43
A01795,V01795_2,Car,38
A01796,V01796_1,Car,24
A01797,V01797_1,Bike,25
A01798,V01798_1,Auto,45
A01798,V01798_2,Bike,18
A01799,V01799_1,Car,22
A01799,V01799_2,Car,44
A01799,V01799_3,Car,33
A01800,V01800_1,Bike,46
A01801,V01801_1,Bike,37
A01801,V01801_2,Car,19
A01802,V01802_1,Bike,34
A01802,V01802_2,Car,35
A01802,V01802_3,Car,25
A01803,V01803_1,Bike,30
A01803,V01803_2,Bike,32
A01804,V01804_1,Car,31
A01805,V01805_1,Bike,19
A01805,V01805_2,Car,29
A01806,V01806_1,Car,33
A01807,V01807_1,Bike,21
A01807,V01807_2,Bike,33
A01807,V01807_3,Truck,34
A01808,V01808_1,Bike,21
A01808,V01808_2,Bike,34
A01809,V01809_1,Car,40
A01809,V01809_2,Bike,28
A01810,V01810_1,Bike,32
A01810,V01810_2,Bike,28
A01811,V01811_1,Bike,32
A01812,V01812_1,Car,41
A01813,V01813_1,Car,18
A01813,V01813_2,Bike,35
A01814,V01814_1,Bike,22
A01815,V01815_1,Bike,41
A01815,V01815_2,Car,39
A01816,V01816_1,Truck,21
A01817,V01817_1,Car,39
A01817,V01817_2,Bike,28
A01817,V01817_3,Bike,35
A01818,V01818_1,Bike,37
A01818,V01818_2,Auto,24
A01819,V01819_1,Bus,27
A01819,V01819_2,Car,29
A01819,V01819_3,Truck,26
A01820,V01820_1,Car,26
A01820,V01820_2,Truck,37
A01821,V01821_1,Car,31
A01822,V01822_1,Car,25
A01822,V01822_2,Bike,23
A01823,V01823_1,Bike,36
A01823,V01823_2,Bike,29
A01824,V01824_1,Auto,22
A01825,V01825_1,Bike,21
A01826,V01826_1,Car,29
A01826,V01826_2,Truck,26
A01826,V01826_3,Car,30
A01827,V01827_1,Bike,33
A01827,V01827_2,Bike,43
A01828,V01828_1,Bike,28
A01828,V01828_2,Car,47
A01829,V01829_1,Truck,18
A01829,V01829_2,Auto,23
A01830,V01830_1,Auto,33
A01830,V01830_2,Car,18
A01830,V01830_3,Bike,28
A01831,V01831_1,Bike,41
A01832,V01832_1,Bus,31
A01833,V01833_1,Bike,27
A01833,V01833_2,Car,18
A01834,V01834_1,Car,40
A01834,V01834_2,Bike,32
A01834,V01834_3,Bike,39
A01835,V01835_1,Car,36
A01835,V01835_2,Car,32
A01836,V01836_1,Car,40
A01837,V01837_1,Car,42
A01837,V01837_2,Bike,39
A01838,V01838_1,Bike,39
A01839,V01839_1,Bike,32
A01840,V01840_1,Bike,38
A01841,V01841_1,Auto,18
A01841,V01841_2,Car,38
A01842,V01842_1,Bike,18
A01842,V01842_2,Bike,40
A01842,V01842_3,Car,36
A01843,V01843_1,Car,21
A01843,V01843_2,Auto,28
A01844,V01844_1,Truck,37
A01845,V01845_1,Car,29
A01845,V01845_2,Bike,20
A01846,V01846_1,Truck,49
A01846,V01846_2,Bike,32
A01847,V01847_1,Truck,27
A01847,V01847_2,Bus,36
A01848,V01848_1,Bike,35
A01849,V01849_1,Auto,50
A01849,V01849_2,Car,39
A01850,V01850_1,Truck,20
A01850,V01850_2,Bike,27
A01850,V01850_3,Auto,26
A01851,V01851_1,Car,36
A01852,V01852_1,Car,34
A01852,V01852_2,Car,37
A01852,V01852_3,Bike,39
A01853,V01853_1,Bike,24
A01853,V01853_2,Car,26
A01854,V01854_1,Bike,31
A01855,V01855_1,Bike,18
A01856,V01856_1,Bike,34
A01857,V01857_1,Car,27
A01858,V01858_1,Car,26
A01858,V01858_2,Car,28
A01859,V01859_1,Car,45
A01859,V01859_2,Car,33
A01860,V01860_1,Bike,26
A01861,V01861_1,Car,26
A01862,V01862_1,Bike,22
A01862,V01862_2,Car,32
A01863,V01863_1,Car,46
A01864,V01864_1,Bus,27
A01865,V01865_1,Car,22
A01865,V01865_2,Car,40
A01866,V01866_1,Car,37
A01866,V01866_2,Car,21
A01867,V01867_1,Car,35
A01867,V01867_2,Bike,19
A01868,V01868_1,Bike,41
A01869,V01869_1,Car,20
A01869,V01869_2,Car,22
A01870,V01870_1,Car,18
A01871,V01871_1,Bus,28
A01871,V01871_2,Bike,31
A01871,V01871_3,Car,25
A01872,V01872_1,Car,22
A01872,V01872_2,Bike,39
A01873,V01873_1,Car,21
A01873,V01873_2,Bus,30
A01873,V01873_3,Bike,32
A01874,V01874_1,Auto,28
A01875,V01875_1,Car,35
A01875,V01875_2,Truck,33
A01876,V01876_1,Truck,48
A01877,V01877_1,Car,50
A01877,V01877_2,Car,36
A01877,V01877_3,Car,27
A01878,V01878_1,Car,25
A01878,V01878_2,Car,33
A01878,V01878_3,Bike,43
A01879,V01879_1,Truck,28
A01879,V01879_2,Truck,29
A01880,V01880_1,Bike,20
A01880,V01880_2,Car,31
A01881,V01881_1,Bus,31
A01882,V01882_1,Car,31
A01882,V01882_2,Car,21
A01882,V01882_3,Auto,29
A01883,V01883_1,Bike,24
A01883,V01883_2,Car,43
A01883,V01883_3,Car,33
A01884,V01884_1,Car,27
A01885,V01885_1,Bike,40
A01886,V01886_1,Bike,34
A01887,V01887_1,Car,44
A01887,V01887_2,Car,37
A01888,V01888_1,Car,26
A01888,V01888_2,Bike,31
A01888,V01888_3,Car,42
A01889,V01889_1,Bike,46
A01890,V01890_1,Bus,28
A01891,V01891_1,Car,34
A01891,V01891_2,Car,19
A01892,V01892_1,Bike,24
A01893,V01893_1,Car,31
A01894,V01894_1,Car,28
A01894,V01894_2,Truck,34
A01895,V01895_1,Car,29
A01896,V01896_1,Truck,24
A01896,V01896_2,Car,28
A01897,V01897_1,Car,34
A01898,V01898_1,Bus,40
A01899,V01899_1,Car,29
A01900,V01900_1,Car,19
A01901,V01901_1,Bike,18
A01901,V01901_2,Car,33
A01901,V01901_3,Car,27
A01902,V01902_1,Bike,29
A01903,V01903_1,Car,40
A01903,V01903_2,Bike,40
A01903,V01903_3,Bike,40
A01904,V01904_1,Car,37
A01905,V01905_1,Bike,37
A01906,V01906_1,Car,45
A01907,V01907_1,Truck,35
A01907,V01907_2,Car,41
A01907,V01907_3,Car,25
A01908,V01908_1,Car,18
A01909,V01909_1,Car,18
A01910,V01910_1,Car,34
A01911,V01911_1,Car,33
A01911,V01911_2,Car,34
A01912,V01912_1,Car,28
A01913,V01913_1,Bike,21
A01913,V01913_2,Bike,30
A01914,V01914_1,Bike,28
A01915,V01915_1,Truck,22
A01915,V01915_2,Car,43
A01915,V01915_3,Bike,33
A01916,V01916_1,Truck,24
A01916,V01916_2,Bike,46
A01917,V01917_1,Car,38
A01917,V01917_2,Car,42
A01917,V01917_3,Bike,35
A01918,V01918_1,Bike,32
A01919,V01919_1,Bike,39
A01920,V01920_1,Bike,36
A01921,V01921_1,Truck,21
A01921,V01921_2,Car,36
A01922,V01922_1,Car,23
A01923,V01923_1,Bike,32
A01923,V01923_2,Auto,29
A01923,V01923_3,Bike,32
A01924,V01924_1,Car,38
A01925,V01925_1,Car,31
A01925,V01925_2,Car,23
A01926,V01926_1,Car,19
A01926,V01926_2,Car,36
A01926,V01926_3,Car,23
A01927,V01927_1,Auto,47
A01928,V01928_1,Bike,34
A01929,V01929_1,Bike,21
A01929,V01929_2,Auto,43
A01929,V01929_3,Bike,33
A01930,V01930_1,Bike,29
A01930,V01930_2,Truck,37
A01930,V01930_3,Bus,41
A01931,V01931_1,Auto,37
A01931,V01931_2,Bike,25
A01931,V01931_3,Bike,18
A01932,V01932_1,Truck,42
A01933,V01933_1,Bike,30
A01934,V01934_1,Bike,40
A01935,V01935_1,Car,34
A01936,V01936_1,Car,30
A01936,V01936_2,Car,35
A01937,V01937_1,Car,38
A01937,V01937_2,Car,32
A01938,V01938_1,Car,41
A01938,V01938_2,Bus,40
A01938,V01938_3,Truck,28
A01939,V01939_1,Bike,18
A01939,V01939_2,Car,32
A01940,V01940_1,Car,34
A01941,V01941_1,Car,41
A01942,V01942_1,Bus,38
A01942,V01942_2,Auto,31
A01942,V01942_3,Car,44
A01943,V01943_1,Car,22
A01944,V01944_1,Truck,28
A01945,V01945_1,Car,39
A01946,V01946_1,Car,41
A01946,V01946_2,Car,36
A01946,V01946_3,Car,25
A01947,V01947_1,Car,31
A01948,V01948_1,Car,43
A01949,V01949_1,Truck,34
A01949,V01949_2,Car,27
A01950,V01950_1,Bike,31
A01951,V01951_1,Car,29
A01952,V01952_1,Bike,23
A01952,V01952_2,Truck,27
A01952,V01952_3,Bus,18
A01953,V01953_1,Bike,32
A01954,V01954_1,Car,27
A01954,V01954_2,Auto,29
A01955,V01955_1,Bike,52
A01955,V01955_2,Truck,43
A01956,V01956_1,Bike,35
A01956,V01956_2,Car,39
A01957,V01957_1,Car,31
A01958,V01958_1,Bike,39
A01959,V01959_1,Car,33
A01959,V01959_2,Car,39
A01959,V01959_3,Auto,18
A01960,V01960_1,Car,23
A01961,V01961_1,Car,20
A01962,V01962_1,Car,28
A01963,V01963_1,Car,34
A01964,V01964_1,Car,33
A01965,V01965_1,Car,33
A01966,V01966_1,Car,35
A01967,V01967_1,Truck,23
A01967,V01967_2,Bike,39
A01968,V01968_1,Car,29
A01968,V01968_2,Car,33
A01968,V01968_3,Car,36
A01969,V01969_1,Auto,34
A01969,V01969_2,Car,35
A01970,V01970_1,Car,22
A01970,V01970_2,Car,43
A01971,V01971_1,Car,19
A01971,V01971_2,Car,28
A01971,V01971_3,Bus,34
A01972,V01972_1,Car,18
A01973,V01973_1,Bike,28
A01973,V01973_2,Bike,35
A01974,V01974_1,Car,37
A01974,V01974_2,Car,43
A01975,V01975_1,Bike,31
A01976,V01976_1,Truck,34
A01976,V01976_2,Auto,23
A01977,V01977_1,Car,40
A01977,V01977_2,Auto,24
A01978,V01978_1,Car,27
A01979,V01979_1,Bus,30
A01980,V01980_1,Car,42
A01981,V01981_1,Bike,41
A01982,V01982_1,Car,20
A01983,V01983_1,Auto,41
A01983,V01983_2,Car,18
A01983,V01983_3,Bike,33
A01984,V01984_1,Car,36
A01985,V01985_1,Bike,30
A01986,V01986_1,Truck,32
A01987,V01987_1,Car,40
A01988,V01988_1,Bike,38
A01988,V01988_2,Bike,39
A01988,V01988_3,Truck,30
A01989,V01989_1,Car,33
A01990,V01990_1,Car,26
A01991,V01991_1,Car,33
A01991,V01991_2,Bus,29
A01991,V01991_3,Car,31
A01992,V01992_1,Car,24
A01993,V01993_1,Truck,26
A01993,V01993_2,Car,50
A01994,V01994_1,Bike,25
A01994,V01994_2,Car,20
A01994,V01994_3,Auto,22
A01995,V01995_1,Bus,28
A01995,V01995_2,Auto,37
A01996,V01996_1,Bike,29
A01996,V01996_2,Car,28
A01997,V01997_1,Car,24
A01997,V01997_2,Bike,33
A01997,V01997_3,Bike,30
A01998,V01998_1,Bike,18
A01998,V01998_2,Car,18
A01999,V01999_1,Car,30
A01999,V01999_2,Bike,36
A02000,V02000_1,Car,36
A02001,V02001_1,Bike,40
A02002,V02002_1,Bike,21
A02002,V02002_2,Car,27
A02003,V02003_1,Bike,22
A02004,V02004_1,Auto,26
A02005,V02005_1,Truck,34
A02005,V02005_2,Auto,32
A02006,V02006_1,Bike,39
A02006,V02006_2,Bike,25
A02007,V02007_1,Bike,25
A02008,V02008_1,Bike,28
A02009,V02009_1,Bike,39
A02010,V02010_1,Truck,28
A02011,V02011_1,Bike,31
A02011,V02011_2,Car,44
A02011,V02011_3,Car,45
A02012,V02012_1,Car,40
A02013,V02013_1,Car,44
A02013,V02013_2,Bike,27
A02014,V02014_1,Bike,30
A02014,V02014_2,Bike,34
A02015,V02015_1,Car,22
A02015,V02015_2,Truck,32
A02015,V02015_3,Car,40
A02016,V02016_1,Car,43
A02017,V02017_1,Car,33
A02018,V02018_1,Car,26
A02019,V02019_1,Bus,38
A02020,V02020_1,Bike,27
A02021,V02021_1,Bus,24
A02022,V02022_1,Car,18
A02022,V02022_2,Bike,18
A02022,V02022_3,Car,32
A02023,V02023_1,Auto,36
A02024,V02024_1,Car,40
A02024,V02024_2,Car,37
A02025,V02025_1,Bike,18
A02025,V02025_2,Car,41
A02026,V02026_1,Car,21
A02026,V02026_2,Car,31
A02027,V02027_1,Car,34
A02028,V02028_1,Car,32
A02028,V02028_2,Car,32
A02028,V02028_3,Car,35
A02029,V02029_1,Car,29
A02029,V02029_2,Car,26
A02029,V02029_3,Auto,28
A02030,V02030_1,Car,53
A02030,V02030_2,Car,33
A02030,V02030_3,Car,32
A02031,V02031_1,Car,18
A02032,V02032_1,Bike,36
A02032,V02032_2,Bike,19
A02033,V02033_1,Truck,32
A02034,V02034_1,Car,34
A02034,V02034_2,Bike,39
A02035,V02035_1,Car,28
A02035,V02035_2,Bike,25
A02036,V02036_1,Bike,40
A02036,V02036_2,Car,27
A02037,V02037_1,Car,31
A02038,V02038_1,Bike,27
A02038,V02038_2,Bike,18
A02039,V02039_1,Auto,36
A02040,V02040_1,Car,22
A02041,V02041_1,Truck,32
A02042,V02042_1,Car,23
A02043,V02043_1,Car,38
A02044,V02044_1,Car,44
A02044,V02044_2,Bike,45
A02045,V02045_1,Car,21
A02045,V02045_2,Bike,34
A02046,V02046_1,Car,35
A02047,V02047_1,Car,33
A02048,V02048_1,Car,31
A02048,V02048_2,Car,18
A02048,V02048_3,Car,26
A02049,V02049_1,Car,26
A02049,V02049_2,Bike,39
A02050,V02050_1,Bike,40
A02050,V02050_2,Car,29
A02051,V02051_1,Bike,35
A02051,V02051_2,Car,28
A02052,V02052_1,Car,25
A02052,V02052_2,Car,40
A02053,V02053_1,Bike,27
A02053,V02053_2,Bus,39
A02054,V02054_1,Car,21
A02054,V02054_2,Truck,30
A02055,V02055_1,Bike,43
A02055,V02055_2,Car,31
A02056,V02056_1,Car,32
A02056,V02056_2,Bus,34
A02057,V02057_1,Car,40
A02058,V02058_1,Bike,23
A02058,V02058_2,Car,26
A02059,V02059_1,Car,24
A02059,V02059_2,Car,36
A02059,V02059_3,Car,42
A02060,V02060_1,Bike,29
A02060,V02060_2,Car,54
A02061,V02061_1,Car,35
A02062,V02062_1,Bike,20
A02062,V02062_2,Bus,25
A02063,V02063_1,Car,33
A02063,V02063_2,Bike,30
A02064,V02064_1,Bus,25
A02064,V02064_2,Truck,53
A02065,V02065_1,Car,18
A02066,V02066_1,Car,40
A02066,V02066_2,Bike,33
A02066,V02066_3,Bike,26
A02067,V02067_1,Car,37
A02068,V02068_1,Car,48
A02069,V02069_1,Car,24
A02070,V02070_1,Truck,34
A02070,V02070_2,Car,27
A02070,V02070_3,Car,18
A02071,V02071_1,Truck,19
A02072,V02072_1,Car,42
A02072,V02072_2,Truck,34
A02072,V02072_3,Bike,42
A02073,V02073_1,Bike,21
A02073,V02073_2,Truck,40
A02074,V02074_1,Bus,35
A02075,V02075_1,Bike,24
A02075,V02075_2,Car,36
A02076,V02076_1,Car,22
A02076,V02076_2,Car,24
A02077,V02077_1,Bike,29
A02077,V02077_2,Bike,32
A02077,V02077_3,Truck,28
A02078,V02078_1,Bike,30
A02079,V02079_1,Car,31
A02079,V02079_2,Truck,42
A02079,V02079_3,Bike,29
A02080,V02080_1,Truck,31
A02081,V02081_1,Car,36
A02082,V02082_1,Car,25
A02083,V02083_1,Bike,29
A02084,V02084_1,Bike,41
A02084,V02084_2,Car,28
A02085,V02085_1,Bike,24
A02085,V02085_2,Car,27
A02086,V02086_1,Car,32
A02086,V02086_2,Bike,41
A02086,V02086_3,Car,41
A02087,V02087_1,Bike,49
A02088,V02088_1,Car,47
A02089,V02089_1,Bike,51
A02090,V02090_1,Car,41
A02091,V02091_1,Car,28
A02092,V02092_1,Bike,42
A02093,V02093_1,Bike,23
A02094,V02094_1,Bike,26
A02094,V02094_2,Car,32
A02095,V02095_1,Bike,31
A02096,V02096_1,Bike,32
A02096,V02096_2,Car,27
A02097,V02097_1,Car,24
A02097,V02097_2,Car,25
A02097,V02097_3,Bike,32
A02098,V02098_1,Car,37
A02099,V02099_1,Bike,32
A02099,V02099_2,Car,35
A02100,V02100_1,Auto,36
A02101,V02101_1,Car,25
A02102,V02102_1,Bike,42
A02103,V02103_1,Bike,18
A02104,V02104_1,Bike,27
A02104,V02104_2,Truck,37
A02104,V02104_3,Car,28
A02105,V02105_1,Bike,29
A02106,V02106_1,Car,28
A02107,V02107_1,Bike,28
A02108,V02108_1,Bike,35
A02108,V02108_2,Bike,31
A02109,V02109_1,Bike,32
A02110,V02110_1,Car,41
A02111,V02111_1,Car,18
A02112,V02112_1,Bike,25
A02112,V02112_2,Car,40
A02113,V02113_1,Bike,18
A02114,V02114_1,Car,23
A02114,V02114_2,Bus,30
A02115,V02115_1,Truck,39
A02115,V02115_2,Car,18
A02115,V02115_3,Auto,35
A02116,V02116_1,Car,29
A02116,V02116_2,Truck,28
A02117,V02117_1,Bike,26
A02118,V02118_1,Bike,37
A02119,V02119_1,Auto,20
A02119,V02119_2,Bike,28
A02119,V02119_3,Car,38
A02120,V02120_1,Bus,24
A02120,V02120_2,Car,40
A02121,V02121_1,Bike,42
A02122,V02122_1,Car,18
A02122,V02122_2,Car,23
A02123,V02123_1,Car,35
A02123,V02123_2,Car,19
A02123,V02123_3,Car,35
A02124,V02124_1,Bike,32
A02125,V02125_1,Car,34
A02125,V02125_2,Bike,34
A02126,V02126_1,Car,18
A02126,V02126_2,Bike,26
A02127,V02127_1,Bus,35
A02128,V02128_1,Bike,20
A02128,V02128_2,Car,29
A02129,V02129_1,Car,28
A02129,V02129_2,Car,49
A02130,V02130_1,Bike,32
A02130,V02130_2,Car,29
A02131,V02131_1,Car,38
A02132,V02132_1,Bike,33
A02132,V02132_2,Bike,26
A02133,V02133_1,Car,38
A02133,V02133_2,Car,46
A02134,V02134_1,Bike,29
A02135,V02135_1,Bike,35
A02136,V02136_1,Car,30
A02137,V02137_1,Car,28
A02137,V02137_2,Auto,40
A02138,V02138_1,Truck,35
A02139,V02139_1,Bike,45
A02139,V02139_2,Car,27
A02140,V02140_1,Truck,26
A02140,V02140_2,Truck,36
A02140,V02140_3,Bike,22
A02141,V02141_1,Truck,40
A02141,V02141_2,Truck,30
A02142,V02142_1,Car,35
A02143,V02143_1,Car,37
A02144,V02144_1,Bike,42
A02145,V02145_1,Bike,38
A02146,V02146_1,Truck,21
A02146,V02146_2,Bike,36
A02147,V02147_1,Bike,35
A02148,V02148_1,Truck,30
A02149,V02149_1,Bike,46
A02149,V02149_2,Car,27
A02150,V02150_1,Bike,31
A02150,V02150_2,Car,30
A02151,V02151_1,Car,31
A02152,V02152_1,Bike,43
A02152,V02152_2,Bike,33
A02153,V02153_1,Car,44
A02153,V02153_2,Car,27
A02154,V02154_1,Bike,26
A02155,V02155_1,Bike,54
A02155,V02155_2,Car,29
A02155,V02155_3,Bike,27
A02156,V02156_1,Car,41
A02157,V02157_1,Car,49
A02157,V02157_2,Car,33
A02158,V02158_1,Car,38
A02158,V02158_2,Car,39
A02158,V02158_3,Car,37
A02159,V02159_1,Car,39
A02159,V02159_2,Bike,40
A02160,V02160_1,Car,48
A02160,V02160_2,Auto,40
A02160,V02160_3,Car,37
A02161,V02161_1,Car,42
A02161,V02161_2,Bike,18
A02161,V02161_3,Bike,38
A02162,V02162_1,Car,37
A02162,V02162_2,Auto,36
A02163,V02163_1,Car,30
A02164,V02164_1,Auto,25
A02164,V02164_2,Car,34
A02165,V02165_1,Car,26
A02165,V02165_2,Truck,34
A02166,V02166_1,Car,31
A02167,V02167_1,Bike,38
A02167,V02167_2,Bike,18
A02167,V02167_3,Truck,26
A02168,V02168_1,Car,42
A02169,V02169_1,Car,30
A02170,V02170_1,Bike,25
A02170,V02170_2,Car,38
A02171,V02171_1,Bike,24
A02171,V02171_2,Car,24
A02172,V02172_1,Car,18
A02172,V02172_2,Bike,30
A02173,V02173_1,Truck,20
A02174,V02174_1,Bike,28
A02174,V02174_2,Bike,21
A02175,V02175_1,Auto,31
A02175,V02175_2,Bike,27
A02176,V02176_1,Car,22
A02176,V02176_2,Bike,26
A02177,V02177_1,Car,40
A02177,V02177_2,Car,18
A02178,V02178_1,Bike,30
A02178,V02178_2,Car,42
A02178,V02178_3,Car,28
A02179,V02179_1,Car,21
A02179,V02179_2,Bike,30
A02180,V02180_1,Bike,45
A02181,V02181_1,Bike,25
A02182,V02182_1,Bus,29
A02183,V02183_1,Auto,37
A02184,V02184_1,Car,18
A02184,V02184_2,Car,39
A02185,V02185_1,Bike,30
A02185,V02185_2,Truck,31
A02185,V02185_3,Bus,37
A02186,V02186_1,Truck,25
A02187,V02187_1,Car,23
A02187,V02187_2,Bike,36
A02188,V02188_1,Bike,35
A02188,V02188_2,Bike,39
A02189,V02189_1,Car,28
A02189,V02189_2,Car,36
A02189,V02189_3,Car,24
A02190,V02190_1,Bike,22
A02190,V02190_2,Car,22
A02191,V02191_1,Truck,30
A02192,V02192_1,Car,36
A02192,V02192_2,Truck,43
A02192,V02192_3,Car,47
A02193,V02193_1,Auto,35
A02193,V02193_2,Truck,39
A02193,V02193_3,Car,44
A02194,V02194_1,Bike,21
A02195,V02195_1,Auto,25
A02195,V02195_2,Car,18
A02196,V02196_1,Bike,30
A02197,V02197_1,Car,39
A02198,V02198_1,Car,18
A02199,V02199_1,Car,31
A02199,V02199_2,Bike,28
A02199,V02199_3,Car,35
A02200,V02200_1,Bike,25
A02200,V02200_2,Car,20
A02201,V02201_1,Bike,18
A02202,V02202_1,Truck,26
A02202,V02202_2,Truck,19
A02202,V02202_3,Car,29
A02203,V02203_1,Truck,25
A02203,V02203_2,Truck,21
A02204,V02204_1,Bike,31
A02205,V02205_1,Bike,23
A02205,V02205_2,Bike,42
A02205,V02205_3,Car,32
A02206,V02206_1,Truck,24
A02206,V02206_2,Truck,28
A02207,V02207_1,Bus,27
A02207,V02207_2,Bike,23
A02208,V02208_1,Truck,29
A02209,V02209_1,Car,37
A02210,V02210_1,Bike,28
A02211,V02211_1,Auto,18
A02212,V02212_1,Car,42
A02213,V02213_1,Car,25
A02213,V02213_2,Bike,28
A02214,V02214_1,Auto,25
A02215,V02215_1,Car,30
A02216,V02216_1,Bike,25
A02216,V02216_2,Car,26
A02217,V02217_1,Car,32
A02218,V02218_1,Bike,44
A02218,V02218_2,Car,38
A02219,V02219_1,Car,20
A02219,V02219_2,Bike,31
A02220,V02220_1,Car,42
A02220,V02220_2,Car,23
A02221,V02221_1,Car,20
A02221,V02221_2,Bus,43
A02222,V02222_1,Bike,31
A02222,V02222_2,Bike,27
A02222,V02222_3,Bike,20
A02223,V02223_1,Car,33
A02224,V02224_1,Bus,38
A02224,V02224_2,Bike,21
A02224,V02224_3,Bike,30
A02225,V02225_1,Bike,38
A02225,V02225_2,Car,25
A02226,V02226_1,Bike,38
A02227,V02227_1,Bike,24
A02228,V02228_1,Bike,24
A02229,V02229_1,Car,41
A02229,V02229_2,Car,35
A02229,V02229_3,Bike,26
A02230,V02230_1,Truck,32
A02231,V02231_1,Bike,26
A02232,V02232_1,Car,25
A02233,V02233_1,Car,20
A02233,V02233_2,Car,26
A02234,V02234_1,Bike,38
A02235,V02235_1,Truck,28
A02236,V02236_1,Car,49
A02236,V02236_2,Bike,32
A02237,V02237_1,Bus,38
A02238,V02238_1,Car,43
A02238,V02238_2,Bike,25
A02239,V02239_1,Bike,24
A02240,V02240_1,Bike,18
A02241,V02241_1,Car,18
A02242,V02242_1,Car,26
A02243,V02243_1,Bus,18
A02243,V02243_2,Auto,37
A02244,V02244_1,Car,28
A02244,V02244_2,Car,40
A02245,V02245_1,Car,45
A02246,V02246_1,Bike,36
A02246,V02246_2,Bike,22
A02246,V02246_3,Bus,42
A02247,V02247_1,Bike,38
A02247,V02247_2,Car,18
A02248,V02248_1,Truck,26
A02249,V02249_1,Car,34
A02249,V02249_2,Truck,28
A02250,V02250_1,Truck,21
A02250,V02250_2,Car,31
A02251,V02251_1,Car,24
A02252,V02252_1,Bus,34
A02252,V02252_2,Truck,34
A02252,V02252_3,Bike,45
A02253,V02253_1,Bike,37
A02254,V02254_1,Bike,32
A02255,V02255_1,Bike,21
A02256,V02256_1,Car,22
A02257,V02257_1,Car,26
A02257,V02257_2,Bike,32
A02258,V02258_1,Car,37
A02259,V02259_1,Car,29
A02259,V02259_2,Car,35
A02259,V02259_3,Bike,18
A02260,V02260_1,Car,35
A02260,V02260_2,Bike,44
A02261,V02261_1,Truck,23
A02262,V02262_1,Bike,35
A02262,V02262_2,Bus,33
A02263,V02263_1,Car,19
A02264,V02264_1,Car,21
A02264,V02264_2,Car,29
A02265,V02265_1,Bike,35
A02265,V02265_2,Car,28
A02266,V02266_1,Bike,21
A02267,V02267_1,Bike,37
A02268,V02268_1,Truck,29
A02268,V02268_2,Car,22
A02268,V02268_3,Bike,30
A02269,V02269_1,Car,43
A02270,V02270_1,Car,41
A02271,V02271_1,Car,36
A02271,V02271_2,Truck,23
A02272,V02272_1,Bike,38
A02273,V02273_1,Bike,24
A02273,V02273_2,Bike,28
A02273,V02273_3,Bike,31
A02274,V02274_1,Bike,18
A02275,V02275_1,Bike,38
A02276,V02276_1,Bike,24
A02276,V02276_2,Bike,35
A02277,V02277_1,Bike,34
A02278,V02278_1,Truck,36
A02278,V02278_2,Car,44
A02278,V02278_3,Car,18
A02279,V02279_1,Truck,26
A02279,V02279_2,Bike,25
A02279,V02279_3,Bike,43
A02280,V02280_1,Bike,18
A02280,V02280_2,Bike,30
A02281,V02281_1,Car,24
A02281,V02281_2,Bike,22
A02282,V02282_1,Truck,32
A02283,V02283_1,Bus,36
A02284,V02284_1,Car,34
A02284,V02284_2,Bike,40
A02285,V02285_1,Truck,30
A02285,V02285_2,Bike,27
A02286,V02286_1,Auto,37
A02286,V02286_2,Truck,32
A02287,V02287_1,Car,27
A02287,V02287_2,Bike,44
A02288,V02288_1,Bike,25
A02289,V02289_1,Bike,40
A02290,V02290_1,Car,39
A02291,V02291_1,Truck,30
A02291,V02291_2,Bike,33
A02292,V02292_1,Car,52
A02293,V02293_1,Auto,42
A02293,V02293_2,Bike,30
A02294,V02294_1,Car,25
A02295,V02295_1,Bike,23
A02295,V02295_2,Car,32
A02295,V02295_3,Car,37
A02296,V02296_1,Bike,40
A02297,V02297_1,Bike,18
A02297,V02297_2,Bike,32
A02297,V02297_3,Car,36
A02298,V02298_1,Car,33
A02298,V02298_2,Car,31
A02299,V02299_1,Car,28
A02300,V02300_1,Bus,37
A02300,V02300_2,Bike,43
A02301,V02301_1,Car,42
A02302,V02302_1,Auto,25
A02303,V02303_1,Car,29
A02304,V02304_1,Car,25
A02305,V02305_1,Bike,26
A02305,V02305_2,Bike,46
A02305,V02305_3,Bike,30
A02306,V02306_1,Bike,33
A02306,V02306_2,Bike,45
A02306,V02306_3,Bike,24
A02307,V02307_1,Car,42
A02308,V02308_1,Bike,36
A02309,V02309_1,Truck,18
A02309,V02309_2,Bus,41
A02310,V02310_1,Bike,35
A02310,V02310_2,Bus,43
A02310,V02310_3,Car,24
A02311,V02311_1,Bike,36
A02311,V02311_2,Bike,42
A02312,V02312_1,Car,28
A02312,V02312_2,Bike,25
A02313,V02313_1,Car,44
A02314,V02314_1,Car,27
A02314,V02314_2,Bike,30
A02315,V02315_1,Car,36
A02315,V02315_2,Car,25
A02316,V02316_1,Car,32
A02317,V02317_1,Car,25
A02318,V02318_1,Car,34
A02318,V02318_2,Bike,32
A02319,V02319_1,Bike,37
A02320,V02320_1,Bus,41
A02320,V02320_2,Bus,27
A02320,V02320_3,Car,27
A02321,V02321_1,Auto,38
A02321,V02321_2,Car,19
A02322,V02322_1,Bike,34
A02322,V02322_2,Bike,40
A02322,V02322_3,Car,36
A02323,V02323_1,Car,40
A02323,V02323_2,Car,40
A02324,V02324_1,Car,41
A02325,V02325_1,Bike,34
A02325,V02325_2,Car,30
A02325,V02325_3,Car,33
A02326,V02326_1,Truck,39
A02326,V02326_2,Bike,31
A02326,V02326_3,Bike,26
A02327,V02327_1,Bike,35
A02328,V02328_1,Bike,41
A02329,V02329_1,Bike,37
A02329,V02329_2,Bike,31
A02330,V02330_1,Car,31
A02331,V02331_1,Car,27
A02331,V02331_2,Bike,37
A02331,V02331_3,Car,44
A02332,V02332_1,Car,42
A02333,V02333_1,Bike,32
A02334,V02334_1,Bike,37
A02334,V02334_2,Bike,39
A02335,V02335_1,Car,36
A02335,V02335_2,Bus,31
A02335,V02335_3,Car,37
A02336,V02336_1,Truck,43
A02336,V02336_2,Car,35
A02336,V02336_3,Auto,26
A02337,V02337_1,Bike,25
A02337,V02337_2,Car,36
A02338,V02338_1,Bike,32
A02338,V02338_2,Bike,26
A02338,V02338_3,Car,36
A02339,V02339_1,Bike,36
A02340,V02340_1,Auto,25
A02340,V02340_2,Car,33
A02341,V02341_1,Bike,44
A02342,V02342_1,Car,26
A02343,V02343_1,Bike,32
A02344,V02344_1,Car,22
A02344,V02344_2,Bike,30
A02345,V02345_1,Car,31
A02346,V02346_1,Bus,33
A02346,V02346_2,Car,41
A02346,V02346_3,Bike,38
A02347,V02347_1,Car,25
A02348,V02348_1,Bus,22
A02349,V02349_1,Car,25
A02349,V02349_2,Car,28
A02350,V02350_1,Bike,42
A02350,V02350_2,Car,23
A02350,V02350_3,Car,21
A02351,V02351_1,Bike,26
A02352,V02352_1,Car,25
A02353,V02353_1,Truck,30
A02353,V02353_2,Bike,18
A02354,V02354_1,Car,27
A02354,V02354_2,Bike,31
A02354,V02354_3,Car,30
A02355,V02355_1,Bike,18
A02355,V02355_2,Car,32
A02355,V02355_3,Car,26
A02356,V02356_1,Car,31
A02356,V02356_2,Car,38
A02356,V02356_3,Auto,37
A02357,V02357_1,Car,30
A02358,V02358_1,Car,28
A02358,V02358_2,Car,28
A02358,V02358_3,Car,25
A02359,V02359_1,Car,32
A02359,V02359_2,Car,31
A02359,V02359_3,Car,26
A02360,V02360_1,Car,35
A02360,V02360_2,Car,18
A02361,V02361_1,Car,24
A02361,V02361_2,Car,33
A02361,V02361_3,Car,31
A02362,V02362_1,Car,31
A02362,V02362_2,Auto,40
A02362,V02362_3,Car,41
A02363,V02363_1,Bike,18
A02364,V02364_1,Bike,31
A02365,V02365_1,Bike,25
A02365,V02365_2,Bike,26
A02365,V02365_3,Truck,38
A02366,V02366_1,Bike,22
A02366,V02366_2,Bike,48
A02367,V02367_1,Bike,46
A02367,V02367_2,Car,39
A02367,V02367_3,Bike,33
A02368,V02368_1,Car,23
A02368,V02368_2,Bike,34
A02368,V02368_3,Car,35
A02369,V02369_1,Bike,27
A02370,V02370_1,Car,36
A02371,V02371_1,Bike,27
A02371,V02371_2,Car,48
A02372,V02372_1,Bus,31
A02373,V02373_1,Truck,33
A02374,V02374_1,Bike,30
A02375,V02375_1,Car,27
A02375,V02375_2,Car,26
A02375,V02375_3,Car,31
A02376,V02376_1,Car,30
A02377,V02377_1,Car,21
A02378,V02378_1,Bike,32
A02379,V02379_1,Car,21
A02379,V02379_2,Bike,28
A02380,V02380_1,Car,33
A02380,V02380_2,Auto,29
A02380,V02380_3,Bike,42
A02381,V02381_1,Car,24
A02381,V02381_2,Bike,29
A02381,V02381_3,Car,21
A02382,V02382_1,Truck,36
A02383,V02383_1,Bike,33
A02383,V02383_2,Auto,18
A02383,V02383_3,Bike,41
A02384,V02384_1,Bike,35
A02384,V02384_2,Car,29
A02385,V02385_1,Car,27
A02385,V02385_2,Bike,37
A02386,V02386_1,Bike,35
A02387,V02387_1,Bike,24
A02387,V02387_2,Bike,36
A02387,V02387_3,Car,36
A02388,V02388_1,Bus,43
A02389,V02389_1,Car,34
A02390,V02390_1,Car,26
A02391,V02391_1,Car,46
A02392,V02392_1,Bike,26
A02393,V02393_1,Car,37
A02394,V02394_1,Car,19
A02395,V02395_1,Car,24
A02395,V02395_2,Car,28
A02395,V02395_3,Truck,34
A02396,V02396_1,Bike,32
A02397,V02397_1,Bike,29
A02398,V02398_1,Bike,41
A02399,V02399_1,Bike,40
A02399,V02399_2,Bike,20
A02400,V02400_1,Auto,42
A02401,V02401_1,Bike,34
A02401,V02401_2,Car,28
A02401,V02401_3,Bike,26
A02402,V02402_1,Bike,33
A02403,V02403_1,Bike,23
A02404,V02404_1,Car,40
A02405,V02405_1,Car,21
A02405,V02405_2,Truck,32
A02406,V02406_1,Auto,32
A02406,V02406_2,Truck,32
A02407,V02407_1,Bus,30
A02407,V02407_2,Car,38
A02408,V02408_1,Bike,40
A02409,V02409_1,Bus,33
A02409,V02409_2,Car,35
A02410,V02410_1,Car,18
A02410,V02410_2,Bike,18
A02411,V02411_1,Auto,37
A02412,V02412_1,Car,28
A02412,V02412_2,Car,27
A02412,V02412_3,Bike,33
A02413,V02413_1,Car,27
A02414,V02414_1,Car,19
A02414,V02414_2,Car,41
A02415,V02415_1,Bike,25
A02416,V02416_1,Car,28
A02417,V02417_1,Auto,35
A02417,V02417_2,Bus,32
A02418,V02418_1,Car,32
A02419,V02419_1,Car,26
A02420,V02420_1,Truck,36
A02420,V02420_2,Auto,25
A02421,V02421_1,Truck,18
A02422,V02422_1,Bike,32
A02423,V02423_1,Car,25
A02423,V02423_2,Car,28
A02424,V02424_1,Car,35
A02425,V02425_1,Bike,26
A02426,V02426_1,Car,26
A02426,V02426_2,Bike,36
A02427,V02427_1,Bike,32
A02427,V02427_2,Car,18
A02427,V02427_3,Bike,26
A02428,V02428_1,Bike,19
A02428,V02428_2,Car,22
A02429,V02429_1,Bike,20
A02429,V02429_2,Car,51
A02430,V02430_1,Car,23
A02430,V02430_2,Car,27
A02431,V02431_1,Bike,27
A02432,V02432_1,Car,43
A02433,V02433_1,Car,31
A02433,V02433_2,Bike,40
A02434,V02434_1,Truck,33
A02434,V02434_2,Car,33
A02434,V02434_3,Bus,39
A02435,V02435_1,Car,34
A02436,V02436_1,Car,40
A02436,V02436_2,Car,36
A02437,V02437_1,Car,37
A02438,V02438_1,Car,22
A02439,V02439_1,Car,29
A02439,V02439_2,Car,32
A02440,V02440_1,Car,18
A02441,V02441_1,Car,30
A02442,V02442_1,Truck,42
A02443,V02443_1,Bike,33
A02444,V02444_1,Car,32
A02444,V02444_2,Bike,26
A02445,V02445_1,Auto,39
A02445,V02445_2,Auto,29
A02446,V02446_1,Auto,41
A02447,V02447_1,Bike,32
A02448,V02448_1,Bike,34
A02449,V02449_1,Truck,26
A02450,V02450_1,Bike,20
A02451,V02451_1,Bus,18
A02452,V02452_1,Car,25
A02452,V02452_2,Car,47
A02453,V02453_1,Car,22
A02454,V02454_1,Car,37
A02455,V02455_1,Car,34
A02456,V02456_1,Bike,31
A02456,V02456_2,Bike,25
A02456,V02456_3,Bike,22
A02457,V02457_1,Car,42
A02458,V02458_1,Bike,30
A02458,V02458_2,Car,35
A02459,V02459_1,Car,27
A02460,V02460_1,Bike,33
A02460,V02460_2,Bus,21
A02460,V02460_3,Bike,32
A02461,V02461_1,Bike,27
A02462,V02462_1,Truck,25
A02462,V02462_2,Bike,28
A02462,V02462_3,Bike,37
A02463,V02463_1,Car,31
A02464,V02464_1,Car,23
A02465,V02465_1,Car,41
A02465,V02465_2,Bike,33
A02465,V02465_3,Bus,35
A02466,V02466_1,Bike,41
A02466,V02466_2,Bike,37
A02466,V02466_3,Bus,26
A02467,V02467_1,Car,40
A02468,V02468_1,Bike,35
A02468,V02468_2,Car,35
A02468,V02468_3,Bike,33
A02469,V02469_1,Bike,43
A02469,V02469_2,Bus,18
A02470,V02470_1,Bike,32
A02470,V02470_2,Bike,36
A02470,V02470_3,Bike,23
A02471,V02471_1,Bike,30
A02472,V02472_1,Car,48
A02473,V02473_1,Car,29
A02473,V02473_2,Car,18
A02473,V02473_3,Car,32
A02474,V02474_1,Car,26
A02474,V02474_2,Car,38
A02474,V02474_3,Truck,37
A02475,V02475_1,Car,32
A02475,V02475_2,Bike,40
A02475,V02475_3,Bike,37
A02476,V02476_1,Bike,26
A02477,V02477_1,Auto,29
A02477,V02477_2,Car,31
A02478,V02478_1,Car,36
A02478,V02478_2,Car,27
A02479,V02479_1,Bike,33
A02480,V02480_1,Bike,39
A02480,V02480_2,Truck,34
A02480,V02480_3,Bike,41
A02481,V02481_1,Bike,35
A02482,V02482_1,Car,35
A02483,V02483_1,Car,41
A02484,V02484_1,Bike,19
A02484,V02484_2,Car,37
A02484,V02484_3,Bus,26
A02485,V02485_1,Car,33
A02485,V02485_2,Auto,24
A02486,V02486_1,Bike,36
A02487,V02487_1,Bus,36
A02488,V02488_1,Auto,37
A02488,V02488_2,Car,39
A02489,V02489_1,Bike,38
A02490,V02490_1,Car,29
A02491,V02491_1,Bike,23
A02492,V02492_1,Truck,26
A02492,V02492_2,Bike,24
A02493,V02493_1,Bike,42
A02494,V02494_1,Bike,22
A02495,V02495_1,Car,33
A02496,V02496_1,Bus,43
A02497,V02497_1,Bike,33
A02498,V02498_1,Car,33
A02499,V02499_1,Car,46
A02500,V02500_1,Bike,38
